State,Date,Time,City,Vehicle_Type,Junction_Type,Peak_Hour,Weather_Condition,Lane_Count,Accident_Reported,Traffic_Light_Status,Day_Type,Congestion_Level,Vehicle_Count,Avg_Speed_km_h,Traffic_Situation,Road_Type
Haryana,01-01-2025,6.00,Sonipat,Two-Wheeler,Roundabout,No,Rain,3,Yes,Amber,Weekday,Low,55,34,Accident,Highway
Haryana,01-01-2025,6.15,Yamunanagar,Truck,Crossroad,No,Cloudy,6,Yes,Amber,Weekday,Low,543,23,Accident,Rural Road
Haryana,01-01-2025,6.30,Ambala,Two-Wheeler,Crossroad,No,Cloudy,2,Yes,Red,Weekday,High,155,65,Congested,Rural Road
Haryana,01-01-2025,6.45,Gurugram,Auto,T-Junction,No,Rain,2,Yes,Amber,Weekday,High,580,21,Accident,Rural Road
Haryana,01-01-2025,7.00,Kurukshetra,Two-Wheeler,Roundabout,No,Cloudy,2,No,Amber,Weekday,Low,120,43,Accident,Urban Road
Haryana,01-01-2025,7.15,Panipat,Car,Roundabout,No,Clear,2,No,Red,Weekday,High,171,36,Accident,Urban Road
Haryana,01-01-2025,7.30,Hisar,Auto,Crossroad,No,Cloudy,4,Yes,Green,Weekday,High,97,68,Accident,Rural Road
Haryana,01-01-2025,7.45,Gurugram,Bus,Roundabout,No,Rain,3,No,Green,Weekday,Medium,299,68,Normal,Rural Road
Haryana,01-01-2025,8.00,Faridabad,Truck,Crossroad,Yes,Cloudy,4,Yes,Red,Weekday,Medium,269,47,Accident,Rural Road
Haryana,01-01-2025,8.15,Rohtak,Auto,Crossroad,Yes,Fog,6,No,Amber,Weekday,Low,181,30,Accident,Rural Road
Haryana,01-01-2025,8.30,Yamunanagar,Car,Crossroad,Yes,Rain,6,Yes,Amber,Weekday,Severe,117,64,Congested,Urban Road
Haryana,01-01-2025,8.45,Panipat,Truck,Crossroad,Yes,Fog,6,No,Green,Weekday,Severe,450,45,Congested,Urban Road
Haryana,01-01-2025,9.00,Kurukshetra,Auto,T-Junction,Yes,Fog,5,No,Red,Weekday,Severe,130,28,Congested,Urban Road
Haryana,01-01-2025,9.15,Kurukshetra,Car,Roundabout,Yes,Cloudy,2,No,Red,Weekday,Low,351,70,Accident,Urban Road
Haryana,01-01-2025,9.30,Yamunanagar,Two-Wheeler,Crossroad,Yes,Clear,2,No,Amber,Weekday,Low,147,61,Accident,Highway
Haryana,01-01-2025,9.45,Sonipat,Auto,T-Junction,Yes,Rain,6,No,Red,Weekday,High,409,29,Accident,Rural Road
Haryana,01-01-2025,10.00,Karnal,Bus,Roundabout,No,Clear,6,Yes,Green,Weekday,Severe,279,20,Accident,Rural Road
Haryana,01-01-2025,10.15,Gurugram,Truck,T-Junction,No,Sunny,6,No,Red,Weekday,Severe,457,23,Accident,Rural Road
Haryana,01-01-2025,10.30,Ambala,Car,T-Junction,No,Cloudy,3,Yes,Green,Weekday,Severe,353,61,Accident,Highway
Haryana,01-01-2025,10.45,Karnal,Two-Wheeler,Crossroad,No,Sunny,6,No,Amber,Weekday,Severe,470,41,Congested,Rural Road
Haryana,01-01-2025,11.00,Hisar,Truck,Crossroad,No,Clear,5,No,Green,Weekday,Low,434,34,Normal,Urban Road
Haryana,01-01-2025,11.15,Hisar,Car,Crossroad,No,Sunny,6,No,Amber,Weekday,Low,298,53,Normal,Highway
Haryana,01-01-2025,11.30,Ambala,Truck,Crossroad,No,Sunny,2,No,Green,Weekday,Medium,322,45,Normal,Highway
Haryana,01-01-2025,11.45,Hisar,Bus,Roundabout,No,Cloudy,4,No,Red,Weekday,Severe,378,60,Accident,Urban Road
Haryana,01-01-2025,12.00,Kurukshetra,Bus,Roundabout,No,Rain,3,No,Red,Weekday,Severe,356,66,Normal,Rural Road
Haryana,01-01-2025,12.15,Faridabad,Bus,T-Junction,No,Rain,2,Yes,Red,Weekday,Severe,210,25,Accident,Urban Road
Haryana,01-01-2025,12.30,Karnal,Auto,Crossroad,No,Clear,4,No,Amber,Weekday,Medium,544,42,Accident,Rural Road
Haryana,01-01-2025,12.45,Sonipat,Bus,Roundabout,No,Cloudy,3,Yes,Green,Weekday,Low,471,68,Congested,Urban Road
Haryana,01-01-2025,13.00,Ambala,Auto,T-Junction,No,Fog,3,No,Red,Weekday,High,390,34,Congested,Rural Road
Haryana,01-01-2025,13.15,Kurukshetra,Auto,Crossroad,No,Sunny,2,Yes,Amber,Weekday,High,477,59,Accident,Rural Road
Haryana,01-01-2025,13.30,Kurukshetra,Bus,Crossroad,No,Rain,4,No,Red,Weekday,Severe,317,70,Accident,Urban Road
Haryana,01-01-2025,13.45,Rohtak,Auto,Roundabout,No,Fog,5,Yes,Green,Weekday,High,110,62,Normal,Highway
Haryana,01-01-2025,14.00,Ambala,Bus,T-Junction,No,Rain,4,No,Red,Weekday,High,90,30,Congested,Highway
Haryana,01-01-2025,14.15,Karnal,Two-Wheeler,Roundabout,No,Cloudy,3,No,Green,Weekday,Medium,152,66,Accident,Urban Road
Haryana,01-01-2025,14.30,Ambala,Two-Wheeler,Roundabout,No,Clear,4,No,Amber,Weekday,Low,389,63,Accident,Rural Road
Haryana,01-01-2025,14.45,Rohtak,Truck,Crossroad,No,Cloudy,6,Yes,Amber,Weekday,Low,282,28,Normal,Urban Road
Haryana,01-01-2025,15.00,Karnal,Auto,Roundabout,No,Clear,2,No,Red,Weekday,Low,214,33,Accident,Rural Road
Haryana,01-01-2025,15.15,Kurukshetra,Two-Wheeler,T-Junction,No,Clear,4,No,Red,Weekday,Low,431,47,Accident,Highway
Haryana,01-01-2025,15.30,Gurugram,Auto,T-Junction,No,Cloudy,4,Yes,Amber,Weekday,Severe,450,52,Normal,Highway
Haryana,01-01-2025,15.45,Faridabad,Two-Wheeler,T-Junction,No,Fog,3,No,Amber,Weekday,High,173,52,Normal,Urban Road
Haryana,01-01-2025,16.00,Hisar,Car,T-Junction,No,Sunny,6,No,Green,Weekday,Low,76,69,Accident,Rural Road
Haryana,01-01-2025,16.15,Karnal,Bus,Roundabout,No,Cloudy,2,Yes,Red,Weekday,High,263,44,Accident,Rural Road
Haryana,01-01-2025,16.30,Hisar,Car,T-Junction,No,Rain,2,No,Amber,Weekday,Medium,315,61,Congested,Urban Road
Haryana,01-01-2025,16.45,Yamunanagar,Car,Roundabout,No,Fog,3,Yes,Green,Weekday,Severe,591,43,Normal,Urban Road
Haryana,01-01-2025,17.00,Kurukshetra,Car,Crossroad,Yes,Rain,4,No,Green,Weekday,Severe,217,39,Accident,Urban Road
Haryana,01-01-2025,17.15,Kurukshetra,Truck,Crossroad,Yes,Clear,6,Yes,Green,Weekday,Low,495,31,Normal,Urban Road
Haryana,01-01-2025,17.30,Rohtak,Car,Roundabout,Yes,Cloudy,4,Yes,Red,Weekday,Medium,357,29,Normal,Highway
Haryana,01-01-2025,17.45,Karnal,Truck,Crossroad,Yes,Fog,6,No,Green,Weekday,Medium,425,54,Congested,Urban Road
Haryana,01-01-2025,18.00,Kurukshetra,Bus,T-Junction,Yes,Clear,3,No,Red,Weekday,Low,93,50,Congested,Highway
Haryana,01-01-2025,18.15,Gurugram,Bus,Roundabout,Yes,Fog,3,No,Red,Weekday,High,161,57,Normal,Urban Road
Haryana,01-01-2025,18.30,Sonipat,Bus,Crossroad,Yes,Clear,5,Yes,Amber,Weekday,Severe,390,63,Accident,Highway
Haryana,01-01-2025,18.45,Hisar,Truck,Roundabout,Yes,Sunny,2,Yes,Red,Weekday,Low,349,35,Accident,Rural Road
Haryana,01-01-2025,19.00,Ambala,Two-Wheeler,Roundabout,No,Sunny,5,No,Amber,Weekday,High,344,55,Congested,Rural Road
Haryana,01-01-2025,19.15,Karnal,Two-Wheeler,Roundabout,No,Cloudy,6,No,Green,Weekday,High,52,29,Accident,Highway
Haryana,01-01-2025,19.30,Kurukshetra,Truck,T-Junction,No,Rain,2,Yes,Green,Weekday,High,335,28,Congested,Urban Road
Haryana,01-01-2025,19.45,Panipat,Auto,Crossroad,No,Cloudy,2,Yes,Red,Weekday,Severe,114,29,Congested,Rural Road
Haryana,01-01-2025,20.00,Yamunanagar,Two-Wheeler,Roundabout,No,Cloudy,2,Yes,Red,Weekday,High,326,26,Accident,Rural Road
Haryana,01-01-2025,20.15,Ambala,Car,Roundabout,No,Rain,5,Yes,Green,Weekday,Medium,422,54,Accident,Rural Road
Haryana,01-01-2025,20.30,Panipat,Bus,Crossroad,No,Sunny,2,No,Red,Weekday,Medium,593,70,Accident,Highway
Haryana,01-01-2025,20.45,Rohtak,Truck,T-Junction,No,Fog,3,No,Green,Weekday,Severe,555,36,Accident,Urban Road
Haryana,01-01-2025,21.00,Sonipat,Bus,Crossroad,No,Clear,6,No,Green,Weekday,Low,472,41,Normal,Urban Road
Haryana,01-01-2025,21.15,Rohtak,Bus,Crossroad,No,Fog,2,No,Amber,Weekday,Medium,314,61,Normal,Highway
Haryana,01-01-2025,21.30,Hisar,Bus,Roundabout,No,Cloudy,3,No,Amber,Weekday,High,403,21,Congested,Rural Road
Haryana,01-01-2025,21.45,Gurugram,Truck,Crossroad,No,Clear,4,No,Red,Weekday,Low,308,31,Normal,Highway
Haryana,01-01-2025,22.00,Karnal,Two-Wheeler,T-Junction,No,Sunny,5,No,Amber,Weekday,High,326,23,Congested,Highway
Haryana,01-01-2025,22.15,Karnal,Car,Roundabout,No,Cloudy,6,Yes,Red,Weekday,Severe,406,52,Normal,Urban Road
Haryana,01-01-2025,22.30,Kurukshetra,Two-Wheeler,Crossroad,No,Cloudy,2,No,Red,Weekday,Low,502,30,Normal,Rural Road
Haryana,01-01-2025,22.45,Faridabad,Car,T-Junction,No,Cloudy,5,Yes,Red,Weekday,Low,198,50,Congested,Urban Road
Haryana,01-01-2025,23.00,Faridabad,Bus,Roundabout,No,Sunny,5,Yes,Red,Weekday,Low,421,36,Accident,Urban Road
Haryana,01-01-2025,23.15,Ambala,Two-Wheeler,Crossroad,No,Sunny,3,Yes,Green,Weekday,High,256,59,Accident,Rural Road
Haryana,01-01-2025,23.30,Ambala,Car,Crossroad,No,Fog,4,Yes,Amber,Weekday,Medium,249,23,Congested,Highway
Haryana,01-01-2025,23.45,Yamunanagar,Truck,Roundabout,No,Sunny,3,No,Red,Weekday,High,157,61,Normal,Rural Road
Haryana,02-01-2025,0.00,Panipat,Auto,T-Junction,No,Cloudy,5,No,Red,Weekday,Low,160,52,Accident,Highway
Haryana,02-01-2025,0.15,Ambala,Auto,Roundabout,No,Rain,2,No,Green,Weekday,High,550,41,Congested,Rural Road
Haryana,02-01-2025,0.30,Faridabad,Two-Wheeler,T-Junction,No,Sunny,5,Yes,Green,Weekday,Low,417,66,Accident,Highway
Haryana,02-01-2025,0.45,Karnal,Auto,Crossroad,No,Fog,2,No,Amber,Weekday,Severe,296,33,Congested,Urban Road
Haryana,02-01-2025,1.00,Faridabad,Two-Wheeler,Crossroad,No,Clear,3,No,Green,Weekday,Medium,489,55,Accident,Rural Road
Haryana,02-01-2025,1.15,Yamunanagar,Car,Roundabout,No,Fog,6,Yes,Red,Weekday,High,280,39,Accident,Urban Road
Haryana,02-01-2025,1.30,Ambala,Bus,T-Junction,No,Fog,2,No,Green,Weekday,Severe,415,23,Normal,Rural Road
Haryana,02-01-2025,1.45,Karnal,Bus,Crossroad,No,Cloudy,4,No,Green,Weekday,High,499,40,Normal,Urban Road
Haryana,02-01-2025,2.00,Kurukshetra,Bus,Crossroad,No,Cloudy,2,No,Green,Weekday,Severe,433,35,Normal,Urban Road
Haryana,02-01-2025,2.15,Yamunanagar,Two-Wheeler,T-Junction,No,Clear,3,No,Green,Weekday,Medium,519,65,Congested,Rural Road
Haryana,02-01-2025,2.30,Hisar,Bus,Roundabout,No,Clear,6,No,Amber,Weekday,Severe,215,38,Normal,Urban Road
Haryana,02-01-2025,2.45,Faridabad,Car,T-Junction,No,Rain,6,Yes,Red,Weekday,Low,277,25,Accident,Highway
Haryana,02-01-2025,3.00,Sonipat,Truck,Roundabout,No,Rain,5,Yes,Green,Weekday,High,457,62,Congested,Urban Road
Haryana,02-01-2025,3.15,Hisar,Auto,T-Junction,No,Fog,2,No,Red,Weekday,Severe,479,45,Accident,Rural Road
Haryana,02-01-2025,3.30,Karnal,Truck,Crossroad,No,Sunny,6,Yes,Green,Weekday,Severe,54,56,Normal,Urban Road
Haryana,02-01-2025,3.45,Yamunanagar,Truck,Roundabout,No,Clear,2,No,Amber,Weekday,Medium,324,59,Accident,Highway
Haryana,02-01-2025,4.00,Faridabad,Truck,Roundabout,No,Cloudy,3,Yes,Red,Weekday,Severe,302,48,Accident,Urban Road
Haryana,02-01-2025,4.15,Gurugram,Auto,Roundabout,No,Sunny,5,No,Amber,Weekday,Severe,408,63,Congested,Rural Road
Haryana,02-01-2025,4.30,Hisar,Bus,Roundabout,No,Clear,6,Yes,Red,Weekday,High,317,65,Normal,Urban Road
Haryana,02-01-2025,4.45,Sonipat,Car,Crossroad,No,Sunny,6,Yes,Green,Weekday,High,356,53,Congested,Highway
Haryana,02-01-2025,5.00,Panipat,Bus,Roundabout,No,Rain,3,No,Green,Weekday,Medium,565,62,Accident,Highway
Haryana,02-01-2025,5.15,Panipat,Two-Wheeler,T-Junction,No,Sunny,3,Yes,Amber,Weekday,Medium,55,50,Accident,Urban Road
Haryana,02-01-2025,5.30,Sonipat,Car,T-Junction,No,Sunny,6,No,Amber,Weekday,Severe,557,58,Accident,Urban Road
Haryana,02-01-2025,5.45,Gurugram,Two-Wheeler,Crossroad,No,Cloudy,6,Yes,Red,Weekday,High,419,32,Accident,Urban Road
Haryana,02-01-2025,6.00,Gurugram,Two-Wheeler,T-Junction,No,Sunny,4,No,Green,Weekday,High,90,21,Normal,Urban Road
Haryana,02-01-2025,6.15,Gurugram,Truck,Roundabout,No,Sunny,6,No,Red,Weekday,Severe,515,68,Normal,Urban Road
Haryana,02-01-2025,6.30,Ambala,Auto,Crossroad,No,Sunny,4,Yes,Green,Weekday,High,96,64,Accident,Highway
Haryana,02-01-2025,6.45,Karnal,Bus,Crossroad,No,Rain,3,No,Green,Weekday,Medium,494,56,Normal,Urban Road
Haryana,02-01-2025,7.00,Gurugram,Truck,T-Junction,No,Clear,4,No,Amber,Weekday,Low,357,59,Accident,Highway
Haryana,02-01-2025,7.15,Sonipat,Auto,Roundabout,No,Clear,4,Yes,Green,Weekday,High,303,21,Normal,Urban Road
Haryana,02-01-2025,7.30,Faridabad,Bus,T-Junction,No,Cloudy,5,Yes,Amber,Weekday,Low,426,42,Accident,Urban Road
Haryana,02-01-2025,7.45,Ambala,Truck,Roundabout,No,Fog,2,Yes,Red,Weekday,High,223,23,Congested,Highway
Haryana,02-01-2025,8.00,Panipat,Truck,Crossroad,Yes,Rain,6,No,Green,Weekday,High,125,66,Normal,Highway
Haryana,02-01-2025,8.15,Karnal,Auto,Crossroad,Yes,Cloudy,5,Yes,Green,Weekday,Low,106,50,Accident,Highway
Haryana,02-01-2025,8.30,Panipat,Auto,Roundabout,Yes,Sunny,5,No,Amber,Weekday,Low,584,56,Normal,Rural Road
Haryana,02-01-2025,8.45,Faridabad,Two-Wheeler,Roundabout,Yes,Fog,2,Yes,Green,Weekday,Medium,572,64,Congested,Rural Road
Haryana,02-01-2025,9.00,Yamunanagar,Bus,Roundabout,Yes,Fog,6,Yes,Amber,Weekday,Medium,139,55,Normal,Highway
Haryana,02-01-2025,9.15,Karnal,Auto,Crossroad,Yes,Clear,6,Yes,Red,Weekday,Medium,596,67,Congested,Highway
Haryana,02-01-2025,9.30,Panipat,Bus,T-Junction,Yes,Rain,4,No,Amber,Weekday,Severe,544,48,Normal,Urban Road
Haryana,02-01-2025,9.45,Kurukshetra,Two-Wheeler,T-Junction,Yes,Clear,3,Yes,Amber,Weekday,High,449,65,Accident,Highway
Haryana,02-01-2025,10.00,Rohtak,Car,Roundabout,No,Clear,3,No,Green,Weekday,Medium,442,65,Normal,Urban Road
Haryana,02-01-2025,10.15,Karnal,Car,Crossroad,No,Cloudy,6,No,Amber,Weekday,Low,302,31,Congested,Rural Road
Haryana,02-01-2025,10.30,Panipat,Car,Crossroad,No,Rain,6,Yes,Green,Weekday,Medium,58,39,Normal,Highway
Haryana,02-01-2025,10.45,Kurukshetra,Bus,Roundabout,No,Fog,6,Yes,Green,Weekday,High,167,59,Accident,Urban Road
Haryana,02-01-2025,11.00,Ambala,Bus,T-Junction,No,Rain,6,Yes,Amber,Weekday,Low,58,44,Normal,Rural Road
Haryana,02-01-2025,11.15,Kurukshetra,Car,Roundabout,No,Sunny,4,Yes,Red,Weekday,Severe,379,70,Congested,Urban Road
Haryana,02-01-2025,11.30,Faridabad,Bus,Roundabout,No,Fog,3,No,Red,Weekday,Severe,211,35,Congested,Rural Road
Haryana,02-01-2025,11.45,Yamunanagar,Car,Crossroad,No,Rain,3,No,Amber,Weekday,Severe,176,41,Congested,Urban Road
Haryana,02-01-2025,12.00,Sonipat,Bus,Crossroad,No,Fog,6,No,Red,Weekday,Low,85,57,Congested,Urban Road
Haryana,02-01-2025,12.15,Karnal,Car,T-Junction,No,Sunny,2,No,Green,Weekday,Low,387,56,Congested,Urban Road
Haryana,02-01-2025,12.30,Ambala,Truck,Crossroad,No,Sunny,6,No,Green,Weekday,Medium,187,60,Normal,Highway
Haryana,02-01-2025,12.45,Faridabad,Truck,Roundabout,No,Sunny,5,Yes,Amber,Weekday,High,519,59,Normal,Urban Road
Haryana,02-01-2025,13.00,Kurukshetra,Bus,Roundabout,No,Fog,4,No,Amber,Weekday,Medium,363,47,Congested,Highway
Haryana,02-01-2025,13.15,Karnal,Two-Wheeler,T-Junction,No,Rain,2,No,Red,Weekday,Severe,560,63,Congested,Highway
Haryana,02-01-2025,13.30,Karnal,Bus,Roundabout,No,Sunny,3,Yes,Green,Weekday,Low,342,64,Normal,Highway
Haryana,02-01-2025,13.45,Rohtak,Two-Wheeler,Crossroad,No,Clear,5,No,Red,Weekday,Severe,106,31,Normal,Highway
Haryana,02-01-2025,14.00,Ambala,Car,Roundabout,No,Sunny,4,No,Green,Weekday,Medium,204,59,Normal,Highway
Haryana,02-01-2025,14.15,Hisar,Car,Crossroad,No,Fog,5,No,Green,Weekday,High,160,25,Congested,Urban Road
Haryana,02-01-2025,14.30,Hisar,Car,Crossroad,No,Rain,5,No,Amber,Weekday,High,365,34,Congested,Highway
Haryana,02-01-2025,14.45,Kurukshetra,Two-Wheeler,Roundabout,No,Clear,4,Yes,Amber,Weekday,Low,162,54,Normal,Urban Road
Haryana,02-01-2025,15.00,Panipat,Truck,Crossroad,No,Cloudy,2,Yes,Amber,Weekday,High,123,24,Congested,Highway
Haryana,02-01-2025,15.15,Hisar,Two-Wheeler,Roundabout,No,Rain,2,Yes,Amber,Weekday,Low,436,34,Normal,Urban Road
Haryana,02-01-2025,15.30,Gurugram,Auto,Crossroad,No,Fog,6,No,Green,Weekday,High,215,23,Congested,Urban Road
Haryana,02-01-2025,15.45,Faridabad,Car,Crossroad,No,Sunny,2,Yes,Green,Weekday,High,236,65,Normal,Rural Road
Haryana,02-01-2025,16.00,Faridabad,Two-Wheeler,Crossroad,No,Sunny,2,Yes,Red,Weekday,Medium,392,25,Normal,Rural Road
Haryana,02-01-2025,16.15,Faridabad,Bus,T-Junction,No,Rain,2,No,Amber,Weekday,High,182,42,Accident,Rural Road
Haryana,02-01-2025,16.30,Gurugram,Auto,Crossroad,No,Fog,4,No,Amber,Weekday,High,142,37,Congested,Highway
Haryana,02-01-2025,16.45,Ambala,Bus,Roundabout,No,Cloudy,4,No,Red,Weekday,Severe,348,59,Accident,Urban Road
Haryana,02-01-2025,17.00,Kurukshetra,Bus,T-Junction,Yes,Rain,3,No,Amber,Weekday,Severe,323,43,Accident,Urban Road
Haryana,02-01-2025,17.15,Gurugram,Truck,Roundabout,Yes,Sunny,6,Yes,Amber,Weekday,Low,364,28,Congested,Urban Road
Haryana,02-01-2025,17.30,Yamunanagar,Car,Roundabout,Yes,Clear,4,No,Amber,Weekday,High,272,53,Normal,Rural Road
Haryana,02-01-2025,17.45,Faridabad,Car,Crossroad,Yes,Rain,4,No,Green,Weekday,Medium,100,61,Normal,Urban Road
Haryana,02-01-2025,18.00,Faridabad,Bus,Roundabout,Yes,Cloudy,6,Yes,Red,Weekday,High,71,44,Congested,Urban Road
Haryana,02-01-2025,18.15,Ambala,Truck,T-Junction,Yes,Sunny,6,No,Green,Weekday,High,57,25,Congested,Rural Road
Haryana,02-01-2025,18.30,Kurukshetra,Truck,Roundabout,Yes,Cloudy,5,No,Green,Weekday,Medium,590,50,Accident,Rural Road
Haryana,02-01-2025,18.45,Rohtak,Two-Wheeler,Crossroad,Yes,Fog,2,Yes,Red,Weekday,Medium,76,68,Accident,Urban Road
Haryana,02-01-2025,19.00,Hisar,Two-Wheeler,Roundabout,No,Rain,5,No,Green,Weekday,High,312,38,Accident,Rural Road
Haryana,02-01-2025,19.15,Panipat,Truck,Roundabout,No,Rain,5,No,Green,Weekday,High,333,22,Normal,Highway
Haryana,02-01-2025,19.30,Karnal,Auto,T-Junction,No,Rain,3,No,Red,Weekday,High,192,68,Accident,Highway
Haryana,02-01-2025,19.45,Yamunanagar,Bus,Roundabout,No,Fog,6,No,Red,Weekday,Severe,344,51,Accident,Highway
Haryana,02-01-2025,20.00,Sonipat,Car,T-Junction,No,Fog,6,Yes,Green,Weekday,Low,471,67,Accident,Urban Road
Haryana,02-01-2025,20.15,Rohtak,Two-Wheeler,Roundabout,No,Fog,6,No,Amber,Weekday,Severe,165,20,Congested,Highway
Haryana,02-01-2025,20.30,Gurugram,Car,Crossroad,No,Rain,2,No,Red,Weekday,High,593,59,Normal,Urban Road
Haryana,02-01-2025,20.45,Faridabad,Two-Wheeler,Crossroad,No,Clear,6,Yes,Amber,Weekday,Medium,448,59,Normal,Rural Road
Haryana,02-01-2025,21.00,Sonipat,Two-Wheeler,T-Junction,No,Fog,4,No,Red,Weekday,Severe,591,29,Accident,Rural Road
Haryana,02-01-2025,21.15,Yamunanagar,Auto,Roundabout,No,Sunny,5,Yes,Green,Weekday,Severe,325,60,Congested,Urban Road
Haryana,02-01-2025,21.30,Panipat,Two-Wheeler,T-Junction,No,Sunny,4,No,Amber,Weekday,Medium,539,33,Congested,Highway
Haryana,02-01-2025,21.45,Rohtak,Auto,Roundabout,No,Rain,2,Yes,Red,Weekday,Medium,154,25,Normal,Highway
Haryana,02-01-2025,22.00,Kurukshetra,Truck,Crossroad,No,Fog,2,No,Red,Weekday,Medium,247,52,Congested,Highway
Haryana,02-01-2025,22.15,Sonipat,Two-Wheeler,T-Junction,No,Cloudy,6,Yes,Green,Weekday,Low,147,53,Normal,Rural Road
Haryana,02-01-2025,22.30,Ambala,Two-Wheeler,Roundabout,No,Clear,2,Yes,Red,Weekday,High,236,70,Normal,Rural Road
Haryana,02-01-2025,22.45,Karnal,Truck,Crossroad,No,Sunny,2,Yes,Green,Weekday,High,183,37,Congested,Urban Road
Haryana,02-01-2025,23.00,Gurugram,Car,Crossroad,No,Clear,4,No,Amber,Weekday,High,277,62,Congested,Highway
Haryana,02-01-2025,23.15,Yamunanagar,Two-Wheeler,T-Junction,No,Clear,3,No,Red,Weekday,High,175,52,Congested,Urban Road
Haryana,02-01-2025,23.30,Gurugram,Car,T-Junction,No,Sunny,2,Yes,Amber,Weekday,Low,132,68,Congested,Rural Road
Haryana,02-01-2025,23.45,Ambala,Truck,T-Junction,No,Rain,4,No,Amber,Weekday,Severe,105,70,Normal,Highway
Haryana,03-01-2025,0.00,Ambala,Auto,Crossroad,No,Sunny,5,No,Green,Weekday,Medium,94,68,Congested,Rural Road
Haryana,03-01-2025,0.15,Gurugram,Auto,Roundabout,No,Clear,5,Yes,Green,Weekday,Medium,143,41,Accident,Urban Road
Haryana,03-01-2025,0.30,Kurukshetra,Bus,T-Junction,No,Rain,6,No,Amber,Weekday,High,195,33,Accident,Highway
Haryana,03-01-2025,0.45,Sonipat,Auto,Roundabout,No,Cloudy,5,Yes,Green,Weekday,Severe,420,27,Normal,Highway
Haryana,03-01-2025,1.00,Hisar,Auto,Roundabout,No,Clear,4,No,Amber,Weekday,Medium,412,58,Accident,Highway
Haryana,03-01-2025,1.15,Sonipat,Car,Crossroad,No,Rain,3,Yes,Green,Weekday,Low,223,43,Accident,Rural Road
Haryana,03-01-2025,1.30,Rohtak,Bus,T-Junction,No,Sunny,2,Yes,Red,Weekday,High,322,64,Accident,Highway
Haryana,03-01-2025,1.45,Panipat,Auto,Roundabout,No,Clear,3,No,Green,Weekday,Low,171,29,Accident,Rural Road
Haryana,03-01-2025,2.00,Karnal,Auto,Roundabout,No,Clear,3,Yes,Green,Weekday,Medium,245,69,Accident,Highway
Haryana,03-01-2025,2.15,Hisar,Truck,Roundabout,No,Cloudy,4,Yes,Red,Weekday,Low,396,22,Congested,Urban Road
Haryana,03-01-2025,2.30,Yamunanagar,Two-Wheeler,T-Junction,No,Sunny,3,No,Green,Weekday,Low,258,48,Normal,Rural Road
Haryana,03-01-2025,2.45,Kurukshetra,Two-Wheeler,T-Junction,No,Rain,6,Yes,Green,Weekday,Severe,123,37,Accident,Highway
Haryana,03-01-2025,3.00,Panipat,Car,Crossroad,No,Fog,3,No,Green,Weekday,Low,596,66,Accident,Highway
Haryana,03-01-2025,3.15,Gurugram,Bus,T-Junction,No,Clear,3,No,Green,Weekday,Medium,368,67,Accident,Rural Road
Haryana,03-01-2025,3.30,Ambala,Car,Roundabout,No,Fog,6,Yes,Red,Weekday,Medium,217,21,Congested,Highway
Haryana,03-01-2025,3.45,Ambala,Truck,Roundabout,No,Cloudy,6,No,Amber,Weekday,Severe,551,35,Accident,Highway
Haryana,03-01-2025,4.00,Panipat,Bus,Roundabout,No,Sunny,4,Yes,Green,Weekday,Low,243,67,Accident,Highway
Haryana,03-01-2025,4.15,Karnal,Auto,Crossroad,No,Sunny,6,Yes,Red,Weekday,Medium,534,30,Congested,Rural Road
Haryana,03-01-2025,4.30,Yamunanagar,Truck,Crossroad,No,Cloudy,6,Yes,Green,Weekday,Low,59,49,Congested,Urban Road
Haryana,03-01-2025,4.45,Panipat,Bus,Crossroad,No,Cloudy,5,No,Green,Weekday,Medium,89,40,Accident,Urban Road
Haryana,03-01-2025,5.00,Ambala,Two-Wheeler,Roundabout,No,Fog,6,Yes,Green,Weekday,Severe,334,49,Normal,Highway
Haryana,03-01-2025,5.15,Ambala,Truck,Roundabout,No,Fog,5,Yes,Green,Weekday,Severe,478,65,Congested,Highway
Haryana,03-01-2025,5.30,Panipat,Bus,T-Junction,No,Clear,6,No,Amber,Weekday,Medium,241,25,Normal,Highway
Haryana,03-01-2025,5.45,Faridabad,Two-Wheeler,T-Junction,No,Clear,6,No,Red,Weekday,Medium,475,41,Normal,Urban Road
Haryana,03-01-2025,6.00,Hisar,Truck,Roundabout,No,Sunny,5,No,Green,Weekday,High,223,30,Accident,Urban Road
Haryana,03-01-2025,6.15,Ambala,Car,Crossroad,No,Sunny,3,No,Green,Weekday,Severe,403,32,Congested,Urban Road
Haryana,03-01-2025,6.30,Karnal,Truck,Crossroad,No,Rain,5,No,Green,Weekday,High,201,29,Normal,Highway
Haryana,03-01-2025,6.45,Panipat,Two-Wheeler,Crossroad,No,Rain,4,Yes,Red,Weekday,Severe,473,59,Congested,Urban Road
Haryana,03-01-2025,7.00,Kurukshetra,Car,T-Junction,No,Sunny,6,Yes,Green,Weekday,Low,149,59,Accident,Highway
Haryana,03-01-2025,7.15,Ambala,Bus,Crossroad,No,Fog,3,No,Green,Weekday,Severe,577,58,Normal,Highway
Haryana,03-01-2025,7.30,Rohtak,Car,T-Junction,No,Sunny,5,Yes,Red,Weekday,Medium,378,37,Congested,Urban Road
Haryana,03-01-2025,7.45,Rohtak,Auto,Crossroad,No,Clear,5,Yes,Amber,Weekday,High,108,60,Accident,Highway
Haryana,03-01-2025,8.00,Sonipat,Two-Wheeler,Crossroad,Yes,Cloudy,5,No,Red,Weekday,Low,412,38,Normal,Rural Road
Haryana,03-01-2025,8.15,Rohtak,Two-Wheeler,T-Junction,Yes,Clear,4,Yes,Red,Weekday,Low,206,36,Normal,Urban Road
Haryana,03-01-2025,8.30,Rohtak,Car,Crossroad,Yes,Rain,6,Yes,Amber,Weekday,High,300,53,Normal,Rural Road
Haryana,03-01-2025,8.45,Panipat,Two-Wheeler,Crossroad,Yes,Sunny,3,No,Amber,Weekday,Low,351,23,Normal,Rural Road
Haryana,03-01-2025,9.00,Karnal,Truck,Crossroad,Yes,Sunny,4,No,Red,Weekday,Medium,529,61,Accident,Highway
Haryana,03-01-2025,9.15,Yamunanagar,Car,T-Junction,Yes,Sunny,4,Yes,Green,Weekday,Severe,88,37,Accident,Urban Road
Haryana,03-01-2025,9.30,Hisar,Car,Crossroad,Yes,Sunny,6,No,Green,Weekday,Medium,75,65,Congested,Urban Road
Haryana,03-01-2025,9.45,Kurukshetra,Bus,Crossroad,Yes,Fog,4,No,Green,Weekday,Medium,597,67,Accident,Highway
Haryana,03-01-2025,10.00,Panipat,Bus,Roundabout,No,Fog,3,No,Red,Weekday,Low,149,42,Normal,Urban Road
Haryana,03-01-2025,10.15,Ambala,Two-Wheeler,Roundabout,No,Clear,2,Yes,Green,Weekday,Low,410,62,Accident,Urban Road
Haryana,03-01-2025,10.30,Sonipat,Auto,T-Junction,No,Clear,4,Yes,Red,Weekday,Low,135,39,Normal,Highway
Haryana,03-01-2025,10.45,Faridabad,Truck,T-Junction,No,Cloudy,6,No,Green,Weekday,Low,492,36,Congested,Urban Road
Haryana,03-01-2025,11.00,Ambala,Two-Wheeler,Crossroad,No,Cloudy,3,Yes,Green,Weekday,High,294,70,Normal,Rural Road
Haryana,03-01-2025,11.15,Panipat,Bus,Roundabout,No,Rain,3,No,Green,Weekday,Medium,110,43,Accident,Rural Road
Haryana,03-01-2025,11.30,Karnal,Auto,Crossroad,No,Cloudy,3,Yes,Green,Weekday,High,155,40,Accident,Highway
Haryana,03-01-2025,11.45,Ambala,Truck,T-Junction,No,Sunny,2,No,Green,Weekday,Severe,249,59,Congested,Rural Road
Haryana,03-01-2025,12.00,Hisar,Two-Wheeler,Roundabout,No,Fog,3,No,Red,Weekday,Low,489,31,Normal,Highway
Haryana,03-01-2025,12.15,Hisar,Bus,Roundabout,No,Sunny,2,Yes,Amber,Weekday,Low,587,41,Accident,Rural Road
Haryana,03-01-2025,12.30,Kurukshetra,Car,Roundabout,No,Fog,2,Yes,Red,Weekday,Severe,271,55,Accident,Highway
Haryana,03-01-2025,12.45,Hisar,Truck,T-Junction,No,Cloudy,4,Yes,Red,Weekday,Severe,400,56,Normal,Rural Road
Haryana,03-01-2025,13.00,Panipat,Auto,T-Junction,No,Rain,2,Yes,Amber,Weekday,High,285,21,Congested,Rural Road
Haryana,03-01-2025,13.15,Rohtak,Bus,Roundabout,No,Sunny,2,No,Green,Weekday,Low,328,50,Congested,Highway
Haryana,03-01-2025,13.30,Yamunanagar,Truck,Crossroad,No,Sunny,2,Yes,Amber,Weekday,High,346,58,Normal,Rural Road
Haryana,03-01-2025,13.45,Gurugram,Truck,Roundabout,No,Fog,6,Yes,Red,Weekday,Low,394,58,Accident,Urban Road
Haryana,03-01-2025,14.00,Sonipat,Car,T-Junction,No,Clear,6,No,Amber,Weekday,Low,424,35,Accident,Urban Road
Haryana,03-01-2025,14.15,Hisar,Car,Roundabout,No,Clear,6,No,Green,Weekday,Severe,426,33,Accident,Rural Road
Haryana,03-01-2025,14.30,Panipat,Bus,Roundabout,No,Clear,2,Yes,Red,Weekday,Medium,68,61,Accident,Rural Road
Haryana,03-01-2025,14.45,Sonipat,Auto,Crossroad,No,Fog,3,Yes,Green,Weekday,Low,338,50,Normal,Rural Road
Haryana,03-01-2025,15.00,Karnal,Two-Wheeler,T-Junction,No,Cloudy,6,Yes,Green,Weekday,Severe,161,41,Normal,Rural Road
Haryana,03-01-2025,15.15,Kurukshetra,Two-Wheeler,T-Junction,No,Clear,4,No,Amber,Weekday,Severe,59,46,Normal,Highway
Haryana,03-01-2025,15.30,Panipat,Two-Wheeler,Crossroad,No,Fog,5,Yes,Green,Weekday,High,384,22,Normal,Urban Road
Haryana,03-01-2025,15.45,Ambala,Auto,Roundabout,No,Fog,4,Yes,Amber,Weekday,Low,595,57,Normal,Rural Road
Haryana,03-01-2025,16.00,Faridabad,Two-Wheeler,Roundabout,No,Clear,4,Yes,Amber,Weekday,Medium,416,65,Congested,Highway
Haryana,03-01-2025,16.15,Faridabad,Two-Wheeler,T-Junction,No,Cloudy,2,Yes,Amber,Weekday,High,338,30,Accident,Rural Road
Haryana,03-01-2025,16.30,Karnal,Bus,T-Junction,No,Clear,4,Yes,Red,Weekday,Medium,435,37,Accident,Rural Road
Haryana,03-01-2025,16.45,Rohtak,Two-Wheeler,Crossroad,No,Sunny,5,Yes,Red,Weekday,Medium,565,40,Accident,Highway
Haryana,03-01-2025,17.00,Faridabad,Auto,Crossroad,Yes,Rain,6,No,Red,Weekday,Medium,516,31,Accident,Urban Road
Haryana,03-01-2025,17.15,Gurugram,Car,Crossroad,Yes,Sunny,5,No,Amber,Weekday,Severe,74,61,Normal,Urban Road
Haryana,03-01-2025,17.30,Yamunanagar,Bus,Crossroad,Yes,Sunny,5,No,Red,Weekday,Low,76,33,Accident,Rural Road
Haryana,03-01-2025,17.45,Yamunanagar,Auto,Crossroad,Yes,Sunny,6,Yes,Green,Weekday,High,110,59,Accident,Urban Road
Haryana,03-01-2025,18.00,Rohtak,Car,T-Junction,Yes,Fog,3,No,Amber,Weekday,Severe,107,29,Congested,Highway
Haryana,03-01-2025,18.15,Faridabad,Two-Wheeler,Crossroad,Yes,Clear,4,No,Green,Weekday,Medium,246,33,Accident,Rural Road
Haryana,03-01-2025,18.30,Ambala,Auto,Crossroad,Yes,Cloudy,5,Yes,Amber,Weekday,Low,312,28,Accident,Rural Road
Haryana,03-01-2025,18.45,Gurugram,Truck,Crossroad,Yes,Rain,4,No,Amber,Weekday,Severe,193,44,Accident,Rural Road
Haryana,03-01-2025,19.00,Kurukshetra,Truck,Roundabout,No,Rain,2,Yes,Green,Weekday,Low,356,70,Accident,Urban Road
Haryana,03-01-2025,19.15,Gurugram,Two-Wheeler,T-Junction,No,Cloudy,2,Yes,Green,Weekday,Medium,397,44,Normal,Rural Road
Haryana,03-01-2025,19.30,Karnal,Two-Wheeler,Roundabout,No,Cloudy,2,No,Red,Weekday,Medium,87,36,Accident,Rural Road
Haryana,03-01-2025,19.45,Panipat,Auto,Crossroad,No,Clear,6,No,Amber,Weekday,Medium,549,44,Normal,Urban Road
Haryana,03-01-2025,20.00,Rohtak,Two-Wheeler,Crossroad,No,Clear,4,Yes,Red,Weekday,Low,166,70,Congested,Urban Road
Haryana,03-01-2025,20.15,Sonipat,Truck,T-Junction,No,Clear,4,Yes,Amber,Weekday,Medium,91,53,Accident,Highway
Haryana,03-01-2025,20.30,Ambala,Car,Roundabout,No,Fog,4,Yes,Green,Weekday,Low,562,24,Normal,Highway
Haryana,03-01-2025,20.45,Kurukshetra,Truck,Crossroad,No,Fog,2,Yes,Amber,Weekday,Medium,383,26,Accident,Rural Road
Haryana,03-01-2025,21.00,Sonipat,Auto,Crossroad,No,Sunny,3,No,Red,Weekday,Medium,101,40,Congested,Highway
Haryana,03-01-2025,21.15,Yamunanagar,Bus,T-Junction,No,Sunny,2,Yes,Green,Weekday,High,297,68,Normal,Rural Road
Haryana,03-01-2025,21.30,Hisar,Two-Wheeler,Crossroad,No,Cloudy,4,No,Red,Weekday,Low,550,36,Accident,Highway
Haryana,03-01-2025,21.45,Faridabad,Car,Crossroad,No,Rain,5,Yes,Green,Weekday,High,66,41,Congested,Urban Road
Haryana,03-01-2025,22.00,Ambala,Truck,Roundabout,No,Sunny,2,No,Red,Weekday,Low,328,63,Congested,Highway
Haryana,03-01-2025,22.15,Kurukshetra,Two-Wheeler,Roundabout,No,Sunny,6,No,Green,Weekday,Low,184,57,Normal,Highway
Haryana,03-01-2025,22.30,Kurukshetra,Truck,Crossroad,No,Sunny,5,Yes,Green,Weekday,Severe,249,24,Congested,Urban Road
Haryana,03-01-2025,22.45,Kurukshetra,Two-Wheeler,T-Junction,No,Cloudy,6,Yes,Amber,Weekday,Low,232,28,Accident,Urban Road
Haryana,03-01-2025,23.00,Karnal,Truck,Crossroad,No,Cloudy,4,No,Green,Weekday,Low,301,69,Accident,Rural Road
Haryana,03-01-2025,23.15,Ambala,Truck,Roundabout,No,Sunny,5,Yes,Red,Weekday,Severe,586,60,Normal,Highway
Haryana,03-01-2025,23.30,Sonipat,Car,Crossroad,No,Sunny,3,Yes,Red,Weekday,Severe,574,56,Congested,Urban Road
Haryana,03-01-2025,23.45,Gurugram,Two-Wheeler,T-Junction,No,Clear,4,Yes,Red,Weekday,High,575,57,Normal,Rural Road
Haryana,04-01-2025,0.00,Sonipat,Truck,Crossroad,No,Fog,6,No,Green,Weekend,Low,531,25,Congested,Highway
Haryana,04-01-2025,0.15,Panipat,Car,Crossroad,No,Clear,2,Yes,Green,Weekend,Severe,404,36,Normal,Urban Road
Haryana,04-01-2025,0.30,Hisar,Truck,Roundabout,No,Clear,2,Yes,Red,Weekend,Severe,375,39,Normal,Urban Road
Haryana,04-01-2025,0.45,Yamunanagar,Car,T-Junction,No,Clear,5,No,Green,Weekend,Low,345,68,Normal,Urban Road
Haryana,04-01-2025,1.00,Ambala,Auto,Roundabout,No,Cloudy,2,No,Red,Weekend,Low,196,64,Congested,Urban Road
Haryana,04-01-2025,1.15,Kurukshetra,Bus,Roundabout,No,Cloudy,6,Yes,Red,Weekend,Low,396,33,Normal,Rural Road
Haryana,04-01-2025,1.30,Yamunanagar,Bus,T-Junction,No,Cloudy,2,Yes,Red,Weekend,Low,205,69,Normal,Highway
Haryana,04-01-2025,1.45,Ambala,Car,Roundabout,No,Cloudy,3,Yes,Green,Weekend,Low,137,47,Normal,Rural Road
Haryana,04-01-2025,2.00,Kurukshetra,Bus,T-Junction,No,Fog,3,Yes,Green,Weekend,High,95,23,Normal,Rural Road
Haryana,04-01-2025,2.15,Faridabad,Bus,Roundabout,No,Sunny,4,Yes,Red,Weekend,Severe,473,56,Accident,Highway
Haryana,04-01-2025,2.30,Hisar,Auto,T-Junction,No,Sunny,2,Yes,Red,Weekend,Medium,368,22,Congested,Urban Road
Haryana,04-01-2025,2.45,Panipat,Auto,Roundabout,No,Rain,4,Yes,Green,Weekend,Low,480,65,Congested,Highway
Haryana,04-01-2025,3.00,Gurugram,Car,T-Junction,No,Rain,2,Yes,Red,Weekend,Severe,231,23,Normal,Highway
Haryana,04-01-2025,3.15,Faridabad,Car,Roundabout,No,Clear,4,No,Amber,Weekend,High,581,49,Accident,Highway
Haryana,04-01-2025,3.30,Sonipat,Truck,T-Junction,No,Rain,2,No,Red,Weekend,Medium,358,42,Accident,Highway
Haryana,04-01-2025,3.45,Ambala,Bus,T-Junction,No,Fog,5,No,Green,Weekend,Medium,536,64,Congested,Urban Road
Haryana,04-01-2025,4.00,Hisar,Truck,Crossroad,No,Fog,6,No,Amber,Weekend,Severe,475,47,Normal,Urban Road
Haryana,04-01-2025,4.15,Panipat,Truck,T-Junction,No,Rain,3,No,Green,Weekend,Severe,407,23,Accident,Urban Road
Haryana,04-01-2025,4.30,Hisar,Bus,T-Junction,No,Fog,6,Yes,Amber,Weekend,High,449,21,Accident,Urban Road
Haryana,04-01-2025,4.45,Faridabad,Car,T-Junction,No,Rain,5,Yes,Amber,Weekend,High,382,21,Congested,Highway
Haryana,04-01-2025,5.00,Gurugram,Auto,Roundabout,No,Clear,3,No,Green,Weekend,Medium,342,44,Normal,Rural Road
Haryana,04-01-2025,5.15,Hisar,Truck,Crossroad,No,Fog,4,No,Amber,Weekend,High,228,34,Normal,Highway
Haryana,04-01-2025,5.30,Ambala,Auto,T-Junction,No,Rain,5,Yes,Green,Weekend,High,329,21,Normal,Highway
Haryana,04-01-2025,5.45,Kurukshetra,Truck,Crossroad,No,Clear,2,No,Amber,Weekend,High,77,38,Congested,Highway
Haryana,04-01-2025,6.00,Sonipat,Two-Wheeler,Roundabout,No,Rain,2,Yes,Red,Weekend,Medium,263,46,Accident,Highway
Haryana,04-01-2025,6.15,Kurukshetra,Bus,T-Junction,No,Sunny,5,Yes,Amber,Weekend,Severe,228,66,Congested,Urban Road
Haryana,04-01-2025,6.30,Ambala,Car,Roundabout,No,Clear,4,No,Green,Weekend,High,343,47,Normal,Urban Road
Haryana,04-01-2025,6.45,Kurukshetra,Two-Wheeler,Crossroad,No,Rain,6,No,Red,Weekend,High,115,64,Congested,Rural Road
Haryana,04-01-2025,7.00,Gurugram,Two-Wheeler,T-Junction,No,Clear,5,Yes,Amber,Weekend,Severe,209,57,Accident,Rural Road
Haryana,04-01-2025,7.15,Rohtak,Truck,Crossroad,No,Clear,3,Yes,Green,Weekend,Severe,92,68,Normal,Highway
Haryana,04-01-2025,7.30,Ambala,Bus,Roundabout,No,Clear,5,No,Amber,Weekend,High,490,51,Accident,Highway
Haryana,04-01-2025,7.45,Rohtak,Truck,Crossroad,No,Fog,6,Yes,Amber,Weekend,Low,94,63,Congested,Highway
Haryana,04-01-2025,8.00,Sonipat,Truck,T-Junction,Yes,Sunny,3,Yes,Green,Weekend,Medium,401,37,Normal,Urban Road
Haryana,04-01-2025,8.15,Rohtak,Car,T-Junction,Yes,Clear,4,Yes,Green,Weekend,High,74,34,Congested,Rural Road
Haryana,04-01-2025,8.30,Rohtak,Truck,Roundabout,Yes,Rain,6,No,Amber,Weekend,Medium,585,46,Congested,Rural Road
Haryana,04-01-2025,8.45,Yamunanagar,Car,Crossroad,Yes,Rain,3,No,Amber,Weekend,High,139,56,Congested,Urban Road
Haryana,04-01-2025,9.00,Faridabad,Truck,T-Junction,Yes,Cloudy,3,Yes,Amber,Weekend,Severe,238,59,Accident,Rural Road
Haryana,04-01-2025,9.15,Karnal,Car,T-Junction,Yes,Fog,6,No,Amber,Weekend,Severe,317,58,Accident,Urban Road
Haryana,04-01-2025,9.30,Karnal,Bus,Roundabout,Yes,Fog,3,No,Green,Weekend,Medium,153,54,Normal,Rural Road
Haryana,04-01-2025,9.45,Ambala,Truck,T-Junction,Yes,Sunny,6,No,Amber,Weekend,High,281,37,Accident,Highway
Haryana,04-01-2025,10.00,Hisar,Truck,Crossroad,No,Fog,2,No,Red,Weekend,Severe,588,40,Normal,Highway
Haryana,04-01-2025,10.15,Rohtak,Two-Wheeler,Roundabout,No,Cloudy,3,No,Red,Weekend,Severe,129,41,Accident,Highway
Haryana,04-01-2025,10.30,Karnal,Two-Wheeler,Roundabout,No,Cloudy,6,No,Red,Weekend,Low,64,31,Accident,Urban Road
Haryana,04-01-2025,10.45,Karnal,Truck,Crossroad,No,Rain,5,No,Green,Weekend,Severe,484,67,Accident,Urban Road
Haryana,04-01-2025,11.00,Ambala,Bus,T-Junction,No,Fog,2,Yes,Green,Weekend,Medium,231,35,Congested,Urban Road
Haryana,04-01-2025,11.15,Panipat,Bus,Crossroad,No,Clear,5,No,Red,Weekend,High,237,47,Congested,Highway
Haryana,04-01-2025,11.30,Rohtak,Auto,Roundabout,No,Cloudy,5,Yes,Amber,Weekend,Low,195,26,Accident,Urban Road
Haryana,04-01-2025,11.45,Karnal,Two-Wheeler,T-Junction,No,Rain,3,No,Green,Weekend,Severe,392,56,Congested,Urban Road
Haryana,04-01-2025,12.00,Yamunanagar,Bus,T-Junction,No,Clear,3,No,Amber,Weekend,Severe,505,67,Accident,Urban Road
Haryana,04-01-2025,12.15,Ambala,Bus,Crossroad,No,Rain,2,Yes,Red,Weekend,Severe,84,35,Normal,Highway
Haryana,04-01-2025,12.30,Sonipat,Auto,Roundabout,No,Cloudy,6,No,Green,Weekend,Severe,335,53,Accident,Rural Road
Haryana,04-01-2025,12.45,Karnal,Truck,T-Junction,No,Clear,2,No,Amber,Weekend,High,342,45,Accident,Rural Road
Haryana,04-01-2025,13.00,Kurukshetra,Two-Wheeler,Crossroad,No,Fog,6,No,Green,Weekend,Severe,502,56,Accident,Rural Road
Haryana,04-01-2025,13.15,Sonipat,Auto,T-Junction,No,Rain,6,Yes,Amber,Weekend,Medium,414,26,Normal,Urban Road
Haryana,04-01-2025,13.30,Gurugram,Bus,T-Junction,No,Clear,3,Yes,Red,Weekend,Low,339,24,Accident,Highway
Haryana,04-01-2025,13.45,Panipat,Two-Wheeler,Roundabout,No,Cloudy,2,Yes,Amber,Weekend,High,322,63,Normal,Rural Road
Haryana,04-01-2025,14.00,Faridabad,Truck,Roundabout,No,Sunny,3,Yes,Amber,Weekend,Medium,598,22,Accident,Highway
Haryana,04-01-2025,14.15,Yamunanagar,Car,Roundabout,No,Fog,2,No,Amber,Weekend,Severe,490,33,Accident,Urban Road
Haryana,04-01-2025,14.30,Hisar,Truck,T-Junction,No,Clear,4,No,Red,Weekend,Severe,351,20,Normal,Highway
Haryana,04-01-2025,14.45,Rohtak,Car,Roundabout,No,Clear,5,No,Amber,Weekend,Medium,316,55,Congested,Highway
Haryana,04-01-2025,15.00,Panipat,Bus,T-Junction,No,Cloudy,4,No,Amber,Weekend,Low,471,67,Congested,Highway
Haryana,04-01-2025,15.15,Hisar,Bus,Crossroad,No,Fog,5,No,Amber,Weekend,Medium,450,48,Accident,Urban Road
Haryana,04-01-2025,15.30,Panipat,Auto,Roundabout,No,Rain,5,No,Green,Weekend,Low,128,55,Congested,Highway
Haryana,04-01-2025,15.45,Rohtak,Car,T-Junction,No,Cloudy,5,Yes,Green,Weekend,High,420,35,Normal,Urban Road
Haryana,04-01-2025,16.00,Yamunanagar,Car,T-Junction,No,Sunny,2,Yes,Green,Weekend,Medium,387,61,Normal,Rural Road
Haryana,04-01-2025,16.15,Sonipat,Auto,T-Junction,No,Fog,2,Yes,Amber,Weekend,High,259,41,Accident,Urban Road
Haryana,04-01-2025,16.30,Panipat,Auto,T-Junction,No,Cloudy,5,No,Red,Weekend,Medium,591,69,Normal,Rural Road
Haryana,04-01-2025,16.45,Yamunanagar,Auto,Crossroad,No,Clear,6,Yes,Green,Weekend,Severe,337,36,Congested,Rural Road
Haryana,04-01-2025,17.00,Sonipat,Two-Wheeler,T-Junction,Yes,Cloudy,5,Yes,Amber,Weekend,Medium,208,59,Congested,Highway
Haryana,04-01-2025,17.15,Rohtak,Bus,Roundabout,Yes,Rain,5,Yes,Amber,Weekend,Medium,198,39,Congested,Highway
Haryana,04-01-2025,17.30,Gurugram,Two-Wheeler,Roundabout,Yes,Rain,4,Yes,Green,Weekend,Medium,518,59,Normal,Rural Road
Haryana,04-01-2025,17.45,Faridabad,Car,T-Junction,Yes,Rain,6,No,Red,Weekend,Severe,297,48,Normal,Urban Road
Haryana,04-01-2025,18.00,Hisar,Two-Wheeler,Roundabout,Yes,Cloudy,5,Yes,Amber,Weekend,Severe,514,24,Accident,Urban Road
Haryana,04-01-2025,18.15,Hisar,Auto,T-Junction,Yes,Sunny,2,No,Red,Weekend,Medium,56,66,Accident,Highway
Haryana,04-01-2025,18.30,Yamunanagar,Bus,Roundabout,Yes,Cloudy,3,Yes,Red,Weekend,Medium,429,45,Accident,Highway
Haryana,04-01-2025,18.45,Yamunanagar,Truck,Crossroad,Yes,Cloudy,6,No,Red,Weekend,Low,551,70,Congested,Rural Road
Haryana,04-01-2025,19.00,Karnal,Auto,Roundabout,No,Rain,6,No,Green,Weekend,Severe,457,52,Accident,Rural Road
Haryana,04-01-2025,19.15,Ambala,Auto,Crossroad,No,Cloudy,6,No,Red,Weekend,Low,520,20,Accident,Highway
Haryana,04-01-2025,19.30,Gurugram,Auto,Crossroad,No,Fog,5,Yes,Green,Weekend,Low,334,50,Accident,Rural Road
Haryana,04-01-2025,19.45,Panipat,Two-Wheeler,Crossroad,No,Sunny,2,No,Green,Weekend,Severe,548,57,Congested,Highway
Haryana,04-01-2025,20.00,Karnal,Bus,Crossroad,No,Rain,5,Yes,Red,Weekend,High,293,67,Congested,Urban Road
Haryana,04-01-2025,20.15,Panipat,Two-Wheeler,Roundabout,No,Clear,3,Yes,Green,Weekend,Severe,341,62,Congested,Highway
Haryana,04-01-2025,20.30,Faridabad,Two-Wheeler,T-Junction,No,Rain,6,No,Green,Weekend,Severe,247,39,Accident,Highway
Haryana,04-01-2025,20.45,Hisar,Auto,T-Junction,No,Rain,3,Yes,Green,Weekend,Low,315,38,Normal,Highway
Haryana,04-01-2025,21.00,Ambala,Bus,T-Junction,No,Cloudy,3,Yes,Red,Weekend,Severe,371,55,Normal,Rural Road
Haryana,04-01-2025,21.15,Panipat,Two-Wheeler,T-Junction,No,Rain,3,Yes,Green,Weekend,Severe,165,39,Normal,Rural Road
Haryana,04-01-2025,21.30,Kurukshetra,Car,Roundabout,No,Clear,5,No,Amber,Weekend,High,74,54,Congested,Urban Road
Haryana,04-01-2025,21.45,Ambala,Bus,T-Junction,No,Fog,5,No,Red,Weekend,Medium,566,30,Congested,Highway
Haryana,04-01-2025,22.00,Hisar,Car,Roundabout,No,Rain,5,Yes,Red,Weekend,Medium,301,68,Normal,Urban Road
Haryana,04-01-2025,22.15,Yamunanagar,Two-Wheeler,Crossroad,No,Fog,5,Yes,Amber,Weekend,Low,518,25,Accident,Highway
Haryana,04-01-2025,22.30,Gurugram,Car,T-Junction,No,Sunny,6,No,Amber,Weekend,High,442,57,Normal,Highway
Haryana,04-01-2025,22.45,Ambala,Truck,Crossroad,No,Clear,4,Yes,Green,Weekend,Medium,504,65,Normal,Highway
Haryana,04-01-2025,23.00,Sonipat,Truck,T-Junction,No,Sunny,3,Yes,Red,Weekend,Low,286,28,Normal,Rural Road
Haryana,04-01-2025,23.15,Faridabad,Car,Crossroad,No,Rain,4,No,Red,Weekend,Severe,456,23,Normal,Rural Road
Haryana,04-01-2025,23.30,Rohtak,Truck,Crossroad,No,Clear,5,No,Amber,Weekend,High,289,47,Normal,Highway
Haryana,04-01-2025,23.45,Kurukshetra,Truck,Crossroad,No,Fog,5,Yes,Red,Weekend,High,153,26,Normal,Rural Road
Haryana,05-01-2025,0.00,Karnal,Bus,Roundabout,No,Sunny,3,No,Amber,Weekend,Medium,148,59,Normal,Highway
Haryana,05-01-2025,0.15,Gurugram,Car,Roundabout,No,Rain,4,Yes,Amber,Weekend,Low,207,23,Accident,Urban Road
Haryana,05-01-2025,0.30,Karnal,Car,Crossroad,No,Fog,4,No,Red,Weekend,Low,540,38,Accident,Highway
Haryana,05-01-2025,0.45,Panipat,Truck,Roundabout,No,Cloudy,2,Yes,Red,Weekend,Low,394,64,Accident,Urban Road
Haryana,05-01-2025,1.00,Rohtak,Two-Wheeler,T-Junction,No,Clear,3,No,Red,Weekend,High,269,44,Normal,Urban Road
Haryana,05-01-2025,1.15,Karnal,Two-Wheeler,T-Junction,No,Sunny,5,No,Green,Weekend,Low,254,37,Normal,Urban Road
Haryana,05-01-2025,1.30,Sonipat,Auto,Crossroad,No,Sunny,3,No,Red,Weekend,High,519,40,Normal,Rural Road
Haryana,05-01-2025,1.45,Gurugram,Car,T-Junction,No,Clear,5,Yes,Amber,Weekend,Severe,579,51,Accident,Highway
Haryana,05-01-2025,2.00,Ambala,Truck,Roundabout,No,Fog,2,Yes,Amber,Weekend,Low,51,67,Congested,Rural Road
Haryana,05-01-2025,2.15,Hisar,Two-Wheeler,T-Junction,No,Cloudy,6,No,Red,Weekend,Medium,262,32,Normal,Urban Road
Haryana,05-01-2025,2.30,Kurukshetra,Auto,Roundabout,No,Clear,5,Yes,Amber,Weekend,Medium,115,44,Normal,Urban Road
Haryana,05-01-2025,2.45,Karnal,Bus,Roundabout,No,Clear,2,Yes,Amber,Weekend,High,564,45,Accident,Rural Road
Haryana,05-01-2025,3.00,Gurugram,Two-Wheeler,T-Junction,No,Clear,4,Yes,Green,Weekend,Medium,212,21,Accident,Highway
Haryana,05-01-2025,3.15,Karnal,Truck,Crossroad,No,Cloudy,3,No,Amber,Weekend,Low,233,26,Accident,Highway
Haryana,05-01-2025,3.30,Panipat,Two-Wheeler,T-Junction,No,Fog,5,No,Green,Weekend,Low,386,25,Normal,Highway
Haryana,05-01-2025,3.45,Kurukshetra,Truck,Crossroad,No,Rain,6,No,Amber,Weekend,Low,406,47,Accident,Rural Road
Haryana,05-01-2025,4.00,Karnal,Car,Crossroad,No,Sunny,5,Yes,Amber,Weekend,Severe,92,58,Congested,Rural Road
Haryana,05-01-2025,4.15,Hisar,Auto,Roundabout,No,Cloudy,3,No,Red,Weekend,High,210,70,Normal,Urban Road
Haryana,05-01-2025,4.30,Sonipat,Auto,Crossroad,No,Rain,5,No,Red,Weekend,High,288,22,Accident,Urban Road
Haryana,05-01-2025,4.45,Yamunanagar,Two-Wheeler,Crossroad,No,Rain,6,No,Red,Weekend,Medium,589,29,Congested,Urban Road
Haryana,05-01-2025,5.00,Hisar,Auto,Roundabout,No,Rain,3,No,Red,Weekend,Low,599,60,Congested,Rural Road
Haryana,05-01-2025,5.15,Karnal,Bus,T-Junction,No,Fog,5,No,Green,Weekend,High,178,28,Accident,Highway
Haryana,05-01-2025,5.30,Gurugram,Two-Wheeler,Crossroad,No,Cloudy,2,Yes,Red,Weekend,Severe,280,38,Accident,Highway
Haryana,05-01-2025,5.45,Yamunanagar,Car,Roundabout,No,Sunny,2,Yes,Red,Weekend,Medium,369,28,Normal,Urban Road
Haryana,05-01-2025,6.00,Kurukshetra,Auto,Crossroad,No,Fog,3,Yes,Red,Weekend,Medium,136,64,Congested,Rural Road
Haryana,05-01-2025,6.15,Karnal,Auto,Roundabout,No,Fog,5,No,Green,Weekend,Severe,329,67,Normal,Urban Road
Haryana,05-01-2025,6.30,Yamunanagar,Truck,Crossroad,No,Sunny,2,No,Red,Weekend,Severe,508,55,Accident,Highway
Haryana,05-01-2025,6.45,Yamunanagar,Auto,T-Junction,No,Rain,4,No,Red,Weekend,Low,553,55,Congested,Rural Road
Haryana,05-01-2025,7.00,Rohtak,Two-Wheeler,T-Junction,No,Rain,5,No,Red,Weekend,High,67,34,Congested,Urban Road
Haryana,05-01-2025,7.15,Karnal,Bus,Roundabout,No,Sunny,4,Yes,Amber,Weekend,Medium,507,34,Congested,Highway
Haryana,05-01-2025,7.30,Yamunanagar,Car,Crossroad,No,Sunny,3,No,Red,Weekend,Low,519,68,Congested,Rural Road
Haryana,05-01-2025,7.45,Yamunanagar,Two-Wheeler,T-Junction,No,Fog,4,Yes,Amber,Weekend,Low,148,44,Normal,Rural Road
Haryana,05-01-2025,8.00,Kurukshetra,Car,Crossroad,Yes,Rain,3,Yes,Amber,Weekend,Low,320,58,Normal,Rural Road
Haryana,05-01-2025,8.15,Kurukshetra,Auto,Crossroad,Yes,Cloudy,3,Yes,Amber,Weekend,Medium,64,54,Congested,Highway
Haryana,05-01-2025,8.30,Kurukshetra,Car,T-Junction,Yes,Cloudy,5,Yes,Amber,Weekend,Medium,457,51,Normal,Rural Road
Haryana,05-01-2025,8.45,Sonipat,Auto,T-Junction,Yes,Rain,3,Yes,Amber,Weekend,High,600,36,Normal,Highway
Haryana,05-01-2025,9.00,Hisar,Bus,T-Junction,Yes,Clear,5,No,Red,Weekend,Low,342,28,Congested,Highway
Haryana,05-01-2025,9.15,Sonipat,Auto,T-Junction,Yes,Rain,6,No,Green,Weekend,Medium,416,34,Congested,Rural Road
Haryana,05-01-2025,9.30,Yamunanagar,Car,T-Junction,Yes,Clear,6,No,Amber,Weekend,Low,518,61,Accident,Highway
Haryana,05-01-2025,9.45,Sonipat,Two-Wheeler,T-Junction,Yes,Cloudy,6,No,Amber,Weekend,Severe,131,44,Congested,Highway
Haryana,05-01-2025,10.00,Hisar,Bus,Roundabout,No,Rain,4,Yes,Amber,Weekend,Medium,392,24,Congested,Urban Road
Haryana,05-01-2025,10.15,Rohtak,Truck,Crossroad,No,Fog,2,Yes,Amber,Weekend,Medium,388,56,Normal,Urban Road
Haryana,05-01-2025,10.30,Gurugram,Two-Wheeler,Crossroad,No,Clear,5,No,Red,Weekend,High,242,69,Normal,Urban Road
Haryana,05-01-2025,10.45,Faridabad,Bus,T-Junction,No,Fog,2,No,Red,Weekend,Severe,426,53,Normal,Highway
Haryana,05-01-2025,11.00,Yamunanagar,Bus,Crossroad,No,Clear,3,No,Green,Weekend,Low,537,36,Congested,Urban Road
Haryana,05-01-2025,11.15,Karnal,Two-Wheeler,Roundabout,No,Clear,5,No,Amber,Weekend,High,265,31,Normal,Highway
Haryana,05-01-2025,11.30,Ambala,Car,Roundabout,No,Sunny,3,Yes,Amber,Weekend,Low,599,38,Normal,Rural Road
Haryana,05-01-2025,11.45,Sonipat,Two-Wheeler,T-Junction,No,Rain,3,Yes,Green,Weekend,Severe,413,31,Normal,Rural Road
Haryana,05-01-2025,12.00,Karnal,Auto,T-Junction,No,Fog,6,No,Green,Weekend,Medium,92,21,Accident,Highway
Haryana,05-01-2025,12.15,Hisar,Auto,Roundabout,No,Sunny,3,Yes,Amber,Weekend,Low,423,47,Accident,Rural Road
Haryana,05-01-2025,12.30,Ambala,Truck,Crossroad,No,Fog,2,Yes,Amber,Weekend,Low,214,54,Congested,Rural Road
Haryana,05-01-2025,12.45,Gurugram,Car,Crossroad,No,Sunny,4,No,Green,Weekend,High,219,28,Accident,Highway
Haryana,05-01-2025,13.00,Yamunanagar,Truck,T-Junction,No,Rain,3,No,Red,Weekend,Medium,233,31,Normal,Rural Road
Haryana,05-01-2025,13.15,Yamunanagar,Bus,T-Junction,No,Fog,2,Yes,Green,Weekend,High,364,23,Accident,Urban Road
Haryana,05-01-2025,13.30,Sonipat,Truck,Crossroad,No,Sunny,6,No,Amber,Weekend,Medium,431,26,Normal,Urban Road
Haryana,05-01-2025,13.45,Rohtak,Bus,Roundabout,No,Rain,5,No,Green,Weekend,Medium,238,38,Congested,Rural Road
Haryana,05-01-2025,14.00,Ambala,Car,Roundabout,No,Clear,6,No,Green,Weekend,Severe,104,50,Normal,Urban Road
Haryana,05-01-2025,14.15,Sonipat,Car,Roundabout,No,Rain,5,No,Green,Weekend,Medium,522,60,Accident,Urban Road
Haryana,05-01-2025,14.30,Sonipat,Bus,T-Junction,No,Clear,4,No,Green,Weekend,Low,293,59,Congested,Rural Road
Haryana,05-01-2025,14.45,Yamunanagar,Two-Wheeler,Crossroad,No,Sunny,2,No,Red,Weekend,Low,473,46,Normal,Rural Road
Haryana,05-01-2025,15.00,Ambala,Car,T-Junction,No,Sunny,4,No,Red,Weekend,Medium,198,44,Congested,Highway
Haryana,05-01-2025,15.15,Gurugram,Truck,Roundabout,No,Clear,4,Yes,Amber,Weekend,Medium,209,46,Normal,Rural Road
Haryana,05-01-2025,15.30,Yamunanagar,Car,T-Junction,No,Clear,5,No,Amber,Weekend,High,55,21,Congested,Urban Road
Haryana,05-01-2025,15.45,Faridabad,Two-Wheeler,T-Junction,No,Sunny,6,No,Red,Weekend,High,448,32,Normal,Highway
Haryana,05-01-2025,16.00,Karnal,Bus,Roundabout,No,Sunny,4,Yes,Green,Weekend,Medium,436,68,Normal,Urban Road
Haryana,05-01-2025,16.15,Rohtak,Car,Roundabout,No,Cloudy,3,Yes,Red,Weekend,Low,420,36,Congested,Urban Road
Haryana,05-01-2025,16.30,Yamunanagar,Auto,Roundabout,No,Clear,3,No,Green,Weekend,Medium,147,33,Accident,Urban Road
Haryana,05-01-2025,16.45,Ambala,Bus,T-Junction,No,Rain,5,No,Green,Weekend,High,372,36,Accident,Urban Road
Haryana,05-01-2025,17.00,Hisar,Auto,Roundabout,Yes,Cloudy,3,No,Red,Weekend,Severe,192,22,Accident,Rural Road
Haryana,05-01-2025,17.15,Karnal,Bus,T-Junction,Yes,Sunny,3,No,Green,Weekend,Low,157,31,Normal,Rural Road
Haryana,05-01-2025,17.30,Gurugram,Bus,T-Junction,Yes,Rain,4,No,Green,Weekend,Severe,111,55,Normal,Urban Road
Haryana,05-01-2025,17.45,Kurukshetra,Two-Wheeler,Crossroad,Yes,Rain,3,Yes,Green,Weekend,Severe,346,68,Accident,Rural Road
Haryana,05-01-2025,18.00,Ambala,Truck,Roundabout,Yes,Cloudy,3,No,Amber,Weekend,Severe,90,54,Congested,Highway
Haryana,05-01-2025,18.15,Kurukshetra,Bus,T-Junction,Yes,Rain,6,Yes,Amber,Weekend,Medium,195,56,Congested,Rural Road
Haryana,05-01-2025,18.30,Rohtak,Car,T-Junction,Yes,Sunny,3,No,Red,Weekend,Medium,481,68,Accident,Urban Road
Haryana,05-01-2025,18.45,Hisar,Auto,T-Junction,Yes,Fog,4,No,Green,Weekend,Severe,467,28,Congested,Rural Road
Haryana,05-01-2025,19.00,Rohtak,Auto,Crossroad,No,Sunny,6,No,Red,Weekend,High,73,33,Accident,Highway
Haryana,05-01-2025,19.15,Faridabad,Truck,Crossroad,No,Cloudy,6,No,Amber,Weekend,High,511,36,Congested,Urban Road
Haryana,05-01-2025,19.30,Panipat,Two-Wheeler,T-Junction,No,Fog,5,Yes,Green,Weekend,High,206,60,Congested,Rural Road
Haryana,05-01-2025,19.45,Rohtak,Auto,Crossroad,No,Fog,2,Yes,Amber,Weekend,High,430,36,Congested,Urban Road
Haryana,05-01-2025,20.00,Gurugram,Truck,Roundabout,No,Cloudy,3,No,Green,Weekend,Severe,332,32,Congested,Urban Road
Haryana,05-01-2025,20.15,Kurukshetra,Two-Wheeler,Crossroad,No,Sunny,5,No,Amber,Weekend,Low,207,40,Accident,Rural Road
Haryana,05-01-2025,20.30,Hisar,Auto,Crossroad,No,Cloudy,4,Yes,Amber,Weekend,Low,570,62,Congested,Rural Road
Haryana,05-01-2025,20.45,Gurugram,Two-Wheeler,Crossroad,No,Cloudy,6,Yes,Amber,Weekend,High,290,29,Normal,Highway
Haryana,05-01-2025,21.00,Karnal,Truck,T-Junction,No,Fog,5,No,Green,Weekend,High,91,52,Normal,Highway
Haryana,05-01-2025,21.15,Rohtak,Car,T-Junction,No,Sunny,5,Yes,Red,Weekend,Low,495,68,Accident,Urban Road
Haryana,05-01-2025,21.30,Sonipat,Truck,Crossroad,No,Rain,6,No,Amber,Weekend,Low,358,70,Congested,Rural Road
Haryana,05-01-2025,21.45,Panipat,Two-Wheeler,Crossroad,No,Cloudy,4,No,Red,Weekend,Medium,354,57,Accident,Rural Road
Haryana,05-01-2025,22.00,Sonipat,Truck,T-Junction,No,Rain,5,Yes,Red,Weekend,Low,478,37,Accident,Urban Road
Haryana,05-01-2025,22.15,Gurugram,Two-Wheeler,Roundabout,No,Cloudy,3,Yes,Red,Weekend,High,337,35,Accident,Urban Road
Haryana,05-01-2025,22.30,Kurukshetra,Bus,Roundabout,No,Fog,6,Yes,Green,Weekend,High,282,31,Accident,Rural Road
Haryana,05-01-2025,22.45,Ambala,Two-Wheeler,T-Junction,No,Sunny,2,Yes,Red,Weekend,High,86,46,Accident,Highway
Haryana,05-01-2025,23.00,Yamunanagar,Car,Crossroad,No,Fog,6,No,Amber,Weekend,High,260,41,Normal,Urban Road
Haryana,05-01-2025,23.15,Faridabad,Bus,Crossroad,No,Cloudy,4,No,Amber,Weekend,Low,552,61,Normal,Urban Road
Haryana,05-01-2025,23.30,Panipat,Bus,Roundabout,No,Clear,4,No,Green,Weekend,Severe,67,33,Congested,Urban Road
Haryana,05-01-2025,23.45,Karnal,Auto,Roundabout,No,Clear,3,No,Amber,Weekend,Medium,69,29,Normal,Urban Road
Haryana,06-01-2025,0.00,Yamunanagar,Bus,Roundabout,No,Sunny,2,Yes,Red,Weekday,High,211,38,Accident,Rural Road
Haryana,06-01-2025,0.15,Rohtak,Two-Wheeler,T-Junction,No,Clear,3,No,Red,Weekday,Severe,494,48,Normal,Urban Road
Haryana,06-01-2025,0.30,Rohtak,Bus,Crossroad,No,Rain,5,Yes,Red,Weekday,Severe,76,31,Normal,Rural Road
Haryana,06-01-2025,0.45,Hisar,Auto,Roundabout,No,Fog,3,No,Red,Weekday,Low,201,40,Normal,Rural Road
Haryana,06-01-2025,1.00,Sonipat,Bus,Crossroad,No,Rain,5,No,Green,Weekday,Severe,433,59,Congested,Urban Road
Haryana,06-01-2025,1.15,Rohtak,Auto,T-Junction,No,Rain,4,Yes,Amber,Weekday,Low,63,44,Accident,Highway
Haryana,06-01-2025,1.30,Rohtak,Truck,Roundabout,No,Fog,3,Yes,Green,Weekday,High,419,51,Accident,Urban Road
Haryana,06-01-2025,1.45,Faridabad,Car,T-Junction,No,Cloudy,3,No,Amber,Weekday,Low,567,68,Congested,Rural Road
Haryana,06-01-2025,2.00,Sonipat,Truck,Roundabout,No,Cloudy,3,No,Amber,Weekday,High,428,35,Normal,Urban Road
Haryana,06-01-2025,2.15,Hisar,Bus,Crossroad,No,Fog,4,No,Amber,Weekday,Low,582,69,Normal,Urban Road
Haryana,06-01-2025,2.30,Sonipat,Truck,T-Junction,No,Fog,3,Yes,Green,Weekday,Severe,317,28,Accident,Highway
Haryana,06-01-2025,2.45,Ambala,Auto,Crossroad,No,Sunny,3,Yes,Red,Weekday,Severe,181,28,Normal,Rural Road
Haryana,06-01-2025,3.00,Gurugram,Two-Wheeler,T-Junction,No,Fog,3,Yes,Green,Weekday,Severe,272,38,Normal,Urban Road
Haryana,06-01-2025,3.15,Kurukshetra,Car,Crossroad,No,Cloudy,3,No,Amber,Weekday,Severe,436,58,Congested,Rural Road
Haryana,06-01-2025,3.30,Kurukshetra,Auto,Roundabout,No,Rain,3,No,Red,Weekday,Severe,256,24,Congested,Urban Road
Haryana,06-01-2025,3.45,Sonipat,Truck,T-Junction,No,Sunny,3,Yes,Green,Weekday,Medium,421,63,Accident,Highway
Haryana,06-01-2025,4.00,Faridabad,Two-Wheeler,T-Junction,No,Cloudy,4,Yes,Amber,Weekday,Low,522,48,Congested,Urban Road
Haryana,06-01-2025,4.15,Hisar,Bus,Roundabout,No,Fog,4,No,Green,Weekday,Low,512,37,Congested,Highway
Haryana,06-01-2025,4.30,Faridabad,Two-Wheeler,Crossroad,No,Fog,5,Yes,Red,Weekday,Low,261,63,Accident,Urban Road
Haryana,06-01-2025,4.45,Rohtak,Bus,Crossroad,No,Fog,2,Yes,Amber,Weekday,Severe,159,27,Congested,Urban Road
Haryana,06-01-2025,5.00,Panipat,Bus,Roundabout,No,Fog,5,No,Green,Weekday,Low,106,28,Accident,Rural Road
Haryana,06-01-2025,5.15,Rohtak,Two-Wheeler,Crossroad,No,Sunny,2,No,Green,Weekday,High,117,35,Accident,Highway
Haryana,06-01-2025,5.30,Karnal,Two-Wheeler,T-Junction,No,Fog,2,No,Green,Weekday,Low,295,37,Accident,Urban Road
Haryana,06-01-2025,5.45,Ambala,Car,T-Junction,No,Sunny,3,Yes,Amber,Weekday,Low,168,54,Congested,Urban Road
Haryana,06-01-2025,6.00,Sonipat,Two-Wheeler,Crossroad,No,Fog,2,No,Amber,Weekday,Medium,350,58,Accident,Rural Road
Haryana,06-01-2025,6.15,Hisar,Truck,T-Junction,No,Rain,5,Yes,Red,Weekday,High,430,59,Normal,Urban Road
Haryana,06-01-2025,6.30,Hisar,Car,T-Junction,No,Clear,6,Yes,Red,Weekday,Medium,257,47,Normal,Rural Road
Haryana,06-01-2025,6.45,Yamunanagar,Car,Crossroad,No,Sunny,2,Yes,Amber,Weekday,Low,520,63,Normal,Highway
Haryana,06-01-2025,7.00,Rohtak,Car,Crossroad,No,Fog,3,No,Green,Weekday,Low,593,64,Normal,Rural Road
Haryana,06-01-2025,7.15,Yamunanagar,Truck,Roundabout,No,Clear,5,Yes,Red,Weekday,High,281,42,Accident,Urban Road
Haryana,06-01-2025,7.30,Panipat,Auto,Crossroad,No,Clear,6,Yes,Amber,Weekday,Medium,540,28,Normal,Highway
Haryana,06-01-2025,7.45,Yamunanagar,Auto,Roundabout,No,Clear,2,Yes,Red,Weekday,Low,453,22,Normal,Rural Road
Haryana,06-01-2025,8.00,Faridabad,Bus,Roundabout,Yes,Rain,3,Yes,Amber,Weekday,High,198,40,Normal,Rural Road
Haryana,06-01-2025,8.15,Gurugram,Auto,Roundabout,Yes,Cloudy,4,No,Green,Weekday,Medium,317,40,Normal,Urban Road
Haryana,06-01-2025,8.30,Hisar,Bus,Roundabout,Yes,Fog,5,No,Red,Weekday,High,507,37,Accident,Rural Road
Haryana,06-01-2025,8.45,Gurugram,Auto,Crossroad,Yes,Sunny,6,Yes,Amber,Weekday,Low,592,41,Congested,Highway
Haryana,06-01-2025,9.00,Panipat,Truck,Crossroad,Yes,Cloudy,4,Yes,Red,Weekday,Low,373,30,Normal,Rural Road
Haryana,06-01-2025,9.15,Faridabad,Car,T-Junction,Yes,Clear,5,Yes,Green,Weekday,Low,87,68,Congested,Highway
Haryana,06-01-2025,9.30,Kurukshetra,Car,Crossroad,Yes,Fog,5,Yes,Red,Weekday,Low,168,48,Congested,Rural Road
Haryana,06-01-2025,9.45,Karnal,Bus,T-Junction,Yes,Rain,6,Yes,Red,Weekday,Low,489,63,Normal,Urban Road
Haryana,06-01-2025,10.00,Yamunanagar,Auto,Crossroad,No,Rain,2,Yes,Red,Weekday,Low,63,65,Accident,Highway
Haryana,06-01-2025,10.15,Hisar,Auto,Crossroad,No,Cloudy,3,No,Green,Weekday,Medium,571,70,Congested,Rural Road
Haryana,06-01-2025,10.30,Rohtak,Auto,Crossroad,No,Rain,2,Yes,Green,Weekday,High,196,67,Normal,Highway
Haryana,06-01-2025,10.45,Hisar,Bus,Crossroad,No,Cloudy,2,No,Amber,Weekday,High,390,48,Congested,Rural Road
Haryana,06-01-2025,11.00,Faridabad,Car,Crossroad,No,Fog,6,Yes,Green,Weekday,Medium,125,24,Congested,Rural Road
Haryana,06-01-2025,11.15,Faridabad,Bus,T-Junction,No,Cloudy,2,No,Green,Weekday,High,66,36,Congested,Rural Road
Haryana,06-01-2025,11.30,Gurugram,Car,Roundabout,No,Sunny,2,No,Green,Weekday,Low,574,20,Accident,Highway
Haryana,06-01-2025,11.45,Panipat,Two-Wheeler,T-Junction,No,Rain,5,Yes,Red,Weekday,Low,397,50,Accident,Rural Road
Haryana,06-01-2025,12.00,Karnal,Bus,Crossroad,No,Cloudy,5,No,Amber,Weekday,Low,435,69,Congested,Urban Road
Haryana,06-01-2025,12.15,Yamunanagar,Two-Wheeler,Roundabout,No,Fog,6,Yes,Amber,Weekday,High,347,41,Congested,Highway
Haryana,06-01-2025,12.30,Ambala,Bus,T-Junction,No,Cloudy,6,No,Amber,Weekday,High,259,51,Congested,Rural Road
Haryana,06-01-2025,12.45,Yamunanagar,Auto,T-Junction,No,Cloudy,4,No,Green,Weekday,Medium,185,62,Accident,Urban Road
Haryana,06-01-2025,13.00,Kurukshetra,Auto,Crossroad,No,Fog,3,No,Red,Weekday,Severe,281,42,Normal,Highway
Haryana,06-01-2025,13.15,Kurukshetra,Car,Crossroad,No,Sunny,5,No,Red,Weekday,High,365,26,Normal,Highway
Haryana,06-01-2025,13.30,Faridabad,Bus,Roundabout,No,Rain,2,No,Amber,Weekday,High,80,29,Normal,Urban Road
Haryana,06-01-2025,13.45,Rohtak,Truck,Roundabout,No,Fog,5,No,Amber,Weekday,Low,523,69,Normal,Rural Road
Haryana,06-01-2025,14.00,Rohtak,Car,T-Junction,No,Sunny,6,Yes,Green,Weekday,Low,293,45,Normal,Rural Road
Haryana,06-01-2025,14.15,Gurugram,Two-Wheeler,T-Junction,No,Cloudy,4,Yes,Green,Weekday,Medium,281,32,Normal,Rural Road
Haryana,06-01-2025,14.30,Hisar,Truck,Crossroad,No,Rain,6,No,Amber,Weekday,Medium,548,45,Normal,Highway
Haryana,06-01-2025,14.45,Karnal,Truck,T-Junction,No,Rain,2,Yes,Red,Weekday,Medium,437,65,Accident,Highway
Haryana,06-01-2025,15.00,Karnal,Two-Wheeler,Roundabout,No,Fog,2,Yes,Green,Weekday,Severe,502,62,Congested,Urban Road
Haryana,06-01-2025,15.15,Faridabad,Two-Wheeler,Roundabout,No,Cloudy,5,Yes,Amber,Weekday,Severe,309,59,Congested,Rural Road
Haryana,06-01-2025,15.30,Sonipat,Auto,Crossroad,No,Sunny,6,No,Green,Weekday,Severe,73,23,Accident,Highway
Haryana,06-01-2025,15.45,Kurukshetra,Bus,Crossroad,No,Rain,6,No,Amber,Weekday,Medium,249,59,Normal,Highway
Haryana,06-01-2025,16.00,Sonipat,Car,Roundabout,No,Fog,6,No,Red,Weekday,Medium,408,32,Accident,Highway
Haryana,06-01-2025,16.15,Faridabad,Bus,Crossroad,No,Clear,5,Yes,Red,Weekday,Severe,66,32,Congested,Urban Road
Haryana,06-01-2025,16.30,Yamunanagar,Car,Crossroad,No,Rain,4,Yes,Green,Weekday,Severe,191,61,Congested,Rural Road
Haryana,06-01-2025,16.45,Karnal,Auto,T-Junction,No,Rain,4,Yes,Green,Weekday,High,209,37,Congested,Urban Road
Haryana,06-01-2025,17.00,Rohtak,Two-Wheeler,T-Junction,Yes,Sunny,6,No,Amber,Weekday,Severe,533,42,Congested,Highway
Haryana,06-01-2025,17.15,Gurugram,Two-Wheeler,Roundabout,Yes,Fog,4,Yes,Green,Weekday,Low,183,63,Normal,Rural Road
Haryana,06-01-2025,17.30,Rohtak,Bus,T-Junction,Yes,Rain,4,Yes,Amber,Weekday,High,79,60,Congested,Rural Road
Haryana,06-01-2025,17.45,Sonipat,Auto,Crossroad,Yes,Clear,3,Yes,Green,Weekday,Medium,376,42,Accident,Rural Road
Haryana,06-01-2025,18.00,Sonipat,Auto,Roundabout,Yes,Clear,4,No,Green,Weekday,Medium,479,48,Congested,Urban Road
Haryana,06-01-2025,18.15,Kurukshetra,Truck,Crossroad,Yes,Cloudy,5,Yes,Green,Weekday,Severe,483,38,Accident,Highway
Haryana,06-01-2025,18.30,Rohtak,Auto,Roundabout,Yes,Rain,6,Yes,Amber,Weekday,High,436,49,Congested,Urban Road
Haryana,06-01-2025,18.45,Sonipat,Truck,Roundabout,Yes,Cloudy,2,No,Green,Weekday,High,250,60,Accident,Urban Road
Haryana,06-01-2025,19.00,Faridabad,Bus,Crossroad,No,Fog,2,No,Amber,Weekday,Low,186,57,Congested,Highway
Haryana,06-01-2025,19.15,Sonipat,Bus,Roundabout,No,Rain,4,Yes,Red,Weekday,Low,529,37,Normal,Urban Road
Haryana,06-01-2025,19.30,Rohtak,Two-Wheeler,Roundabout,No,Clear,4,No,Red,Weekday,Medium,400,39,Congested,Rural Road
Haryana,06-01-2025,19.45,Faridabad,Car,Crossroad,No,Clear,6,No,Green,Weekday,Severe,496,67,Normal,Highway
Haryana,06-01-2025,20.00,Panipat,Two-Wheeler,Crossroad,No,Rain,3,No,Red,Weekday,Severe,500,64,Normal,Rural Road
Haryana,06-01-2025,20.15,Hisar,Auto,Roundabout,No,Rain,2,Yes,Amber,Weekday,High,113,59,Normal,Rural Road
Haryana,06-01-2025,20.30,Yamunanagar,Bus,Crossroad,No,Clear,3,Yes,Red,Weekday,Low,460,70,Congested,Rural Road
Haryana,06-01-2025,20.45,Kurukshetra,Car,T-Junction,No,Rain,3,No,Red,Weekday,Low,450,51,Congested,Rural Road
Haryana,06-01-2025,21.00,Yamunanagar,Two-Wheeler,Crossroad,No,Clear,5,Yes,Green,Weekday,Severe,127,34,Congested,Rural Road
Haryana,06-01-2025,21.15,Faridabad,Two-Wheeler,T-Junction,No,Clear,4,Yes,Amber,Weekday,Medium,439,24,Congested,Rural Road
Haryana,06-01-2025,21.30,Panipat,Auto,Crossroad,No,Fog,4,No,Amber,Weekday,Severe,326,42,Accident,Urban Road
Haryana,06-01-2025,21.45,Gurugram,Truck,Crossroad,No,Rain,3,Yes,Red,Weekday,High,317,46,Congested,Rural Road
Haryana,06-01-2025,22.00,Rohtak,Truck,Roundabout,No,Cloudy,3,Yes,Green,Weekday,High,481,52,Accident,Rural Road
Haryana,06-01-2025,22.15,Hisar,Truck,Crossroad,No,Rain,4,Yes,Red,Weekday,High,249,48,Congested,Urban Road
Haryana,06-01-2025,22.30,Kurukshetra,Car,T-Junction,No,Rain,5,Yes,Red,Weekday,Severe,148,33,Congested,Highway
Haryana,06-01-2025,22.45,Rohtak,Auto,T-Junction,No,Fog,3,No,Amber,Weekday,Medium,506,43,Congested,Rural Road
Haryana,06-01-2025,23.00,Kurukshetra,Two-Wheeler,Roundabout,No,Cloudy,4,Yes,Amber,Weekday,High,533,51,Accident,Rural Road
Haryana,06-01-2025,23.15,Sonipat,Car,Roundabout,No,Cloudy,6,Yes,Red,Weekday,Medium,437,40,Normal,Highway
Haryana,06-01-2025,23.30,Rohtak,Bus,T-Junction,No,Fog,5,Yes,Amber,Weekday,High,506,58,Accident,Highway
Haryana,06-01-2025,23.45,Gurugram,Two-Wheeler,Roundabout,No,Clear,6,Yes,Green,Weekday,Severe,339,32,Congested,Highway
Haryana,07-01-2025,0.00,Faridabad,Two-Wheeler,T-Junction,No,Rain,3,Yes,Red,Weekday,High,293,51,Accident,Rural Road
Haryana,07-01-2025,0.15,Hisar,Auto,Roundabout,No,Sunny,3,Yes,Green,Weekday,Medium,307,70,Accident,Rural Road
Haryana,07-01-2025,0.30,Rohtak,Bus,T-Junction,No,Sunny,4,No,Red,Weekday,Medium,538,24,Normal,Urban Road
Haryana,07-01-2025,0.45,Faridabad,Car,Crossroad,No,Sunny,4,Yes,Green,Weekday,Low,529,25,Congested,Highway
Haryana,07-01-2025,1.00,Sonipat,Two-Wheeler,Crossroad,No,Sunny,3,No,Amber,Weekday,Low,70,21,Congested,Highway
Haryana,07-01-2025,1.15,Ambala,Truck,Crossroad,No,Cloudy,5,Yes,Green,Weekday,Severe,129,31,Normal,Highway
Haryana,07-01-2025,1.30,Yamunanagar,Car,Crossroad,No,Rain,2,No,Green,Weekday,High,476,56,Normal,Rural Road
Haryana,07-01-2025,1.45,Faridabad,Truck,Roundabout,No,Clear,4,Yes,Amber,Weekday,Low,108,33,Congested,Rural Road
Haryana,07-01-2025,2.00,Panipat,Two-Wheeler,Roundabout,No,Clear,6,Yes,Amber,Weekday,Medium,330,22,Congested,Urban Road
Haryana,07-01-2025,2.15,Karnal,Two-Wheeler,Crossroad,No,Fog,2,No,Green,Weekday,Severe,280,45,Congested,Urban Road
Haryana,07-01-2025,2.30,Panipat,Auto,Crossroad,No,Cloudy,3,Yes,Green,Weekday,Low,515,44,Accident,Urban Road
Haryana,07-01-2025,2.45,Faridabad,Auto,Roundabout,No,Cloudy,5,No,Green,Weekday,Medium,396,51,Accident,Urban Road
Haryana,07-01-2025,3.00,Kurukshetra,Truck,Roundabout,No,Cloudy,6,No,Green,Weekday,Medium,426,64,Normal,Urban Road
Haryana,07-01-2025,3.15,Rohtak,Auto,Roundabout,No,Cloudy,2,No,Green,Weekday,Severe,446,43,Normal,Rural Road
Haryana,07-01-2025,3.30,Sonipat,Truck,Crossroad,No,Cloudy,6,No,Red,Weekday,High,129,31,Normal,Rural Road
Haryana,07-01-2025,3.45,Yamunanagar,Bus,T-Junction,No,Rain,4,Yes,Red,Weekday,Medium,110,23,Normal,Rural Road
Haryana,07-01-2025,4.00,Faridabad,Auto,Roundabout,No,Fog,4,Yes,Amber,Weekday,Medium,355,44,Normal,Urban Road
Haryana,07-01-2025,4.15,Karnal,Truck,Crossroad,No,Rain,5,No,Amber,Weekday,Medium,245,69,Congested,Highway
Haryana,07-01-2025,4.30,Faridabad,Bus,Crossroad,No,Rain,4,No,Green,Weekday,Severe,325,59,Congested,Urban Road
Haryana,07-01-2025,4.45,Rohtak,Two-Wheeler,Roundabout,No,Cloudy,4,Yes,Red,Weekday,Severe,515,33,Normal,Highway
Haryana,07-01-2025,5.00,Faridabad,Auto,T-Junction,No,Cloudy,6,Yes,Green,Weekday,High,60,66,Congested,Highway
Haryana,07-01-2025,5.15,Yamunanagar,Bus,T-Junction,No,Rain,6,Yes,Green,Weekday,Medium,85,47,Accident,Rural Road
Haryana,07-01-2025,5.30,Kurukshetra,Two-Wheeler,T-Junction,No,Cloudy,6,No,Amber,Weekday,Medium,338,62,Normal,Urban Road
Haryana,07-01-2025,5.45,Panipat,Bus,Crossroad,No,Cloudy,5,No,Amber,Weekday,Severe,478,69,Normal,Rural Road
Haryana,07-01-2025,6.00,Gurugram,Bus,T-Junction,No,Rain,3,No,Green,Weekday,Medium,529,34,Congested,Rural Road
Haryana,07-01-2025,6.15,Sonipat,Two-Wheeler,T-Junction,No,Sunny,4,Yes,Green,Weekday,Severe,568,49,Accident,Urban Road
Haryana,07-01-2025,6.30,Ambala,Truck,Crossroad,No,Clear,5,No,Amber,Weekday,Low,388,22,Congested,Rural Road
Haryana,07-01-2025,6.45,Kurukshetra,Two-Wheeler,Roundabout,No,Fog,4,Yes,Amber,Weekday,Medium,63,61,Accident,Urban Road
Haryana,07-01-2025,7.00,Hisar,Bus,T-Junction,No,Fog,4,No,Green,Weekday,Medium,93,30,Congested,Rural Road
Haryana,07-01-2025,7.15,Yamunanagar,Auto,Roundabout,No,Sunny,2,Yes,Red,Weekday,Severe,408,59,Congested,Urban Road
Haryana,07-01-2025,7.30,Panipat,Two-Wheeler,T-Junction,No,Fog,2,Yes,Amber,Weekday,High,368,51,Normal,Rural Road
Haryana,07-01-2025,7.45,Hisar,Truck,T-Junction,No,Fog,6,Yes,Amber,Weekday,Medium,285,57,Normal,Urban Road
Haryana,07-01-2025,8.00,Gurugram,Bus,Roundabout,Yes,Fog,2,No,Red,Weekday,Medium,540,58,Congested,Urban Road
Haryana,07-01-2025,8.15,Hisar,Truck,Roundabout,Yes,Cloudy,6,No,Red,Weekday,Severe,244,52,Normal,Urban Road
Haryana,07-01-2025,8.30,Karnal,Truck,T-Junction,Yes,Sunny,2,Yes,Amber,Weekday,High,536,22,Normal,Highway
Haryana,07-01-2025,8.45,Rohtak,Car,T-Junction,Yes,Sunny,4,Yes,Amber,Weekday,Severe,247,46,Normal,Highway
Haryana,07-01-2025,9.00,Sonipat,Bus,Crossroad,Yes,Cloudy,4,Yes,Green,Weekday,Medium,290,52,Accident,Urban Road
Haryana,07-01-2025,9.15,Kurukshetra,Auto,T-Junction,Yes,Fog,6,No,Green,Weekday,High,225,56,Accident,Rural Road
Haryana,07-01-2025,9.30,Sonipat,Car,Crossroad,Yes,Fog,5,No,Green,Weekday,High,287,20,Normal,Highway
Haryana,07-01-2025,9.45,Faridabad,Truck,Roundabout,Yes,Fog,2,Yes,Green,Weekday,High,558,58,Normal,Highway
Haryana,07-01-2025,10.00,Gurugram,Bus,Crossroad,No,Fog,4,No,Red,Weekday,Severe,128,33,Congested,Urban Road
Haryana,07-01-2025,10.15,Rohtak,Car,Roundabout,No,Sunny,2,No,Amber,Weekday,High,107,55,Normal,Highway
Haryana,07-01-2025,10.30,Kurukshetra,Car,T-Junction,No,Rain,4,No,Red,Weekday,Low,407,28,Normal,Highway
Haryana,07-01-2025,10.45,Panipat,Bus,Roundabout,No,Cloudy,3,No,Red,Weekday,Low,325,66,Congested,Highway
Haryana,07-01-2025,11.00,Sonipat,Two-Wheeler,Crossroad,No,Cloudy,6,No,Amber,Weekday,High,203,31,Congested,Urban Road
Haryana,07-01-2025,11.15,Rohtak,Two-Wheeler,T-Junction,No,Rain,2,No,Green,Weekday,High,152,22,Accident,Urban Road
Haryana,07-01-2025,11.30,Kurukshetra,Truck,Crossroad,No,Rain,3,Yes,Amber,Weekday,Medium,571,53,Congested,Rural Road
Haryana,07-01-2025,11.45,Sonipat,Bus,Roundabout,No,Rain,5,Yes,Amber,Weekday,Low,159,23,Accident,Urban Road
Haryana,07-01-2025,12.00,Hisar,Auto,Crossroad,No,Fog,6,No,Green,Weekday,Medium,215,38,Normal,Highway
Haryana,07-01-2025,12.15,Panipat,Two-Wheeler,Roundabout,No,Cloudy,2,No,Red,Weekday,Severe,567,27,Accident,Urban Road
Haryana,07-01-2025,12.30,Karnal,Car,Crossroad,No,Rain,6,Yes,Green,Weekday,Medium,375,49,Congested,Rural Road
Haryana,07-01-2025,12.45,Gurugram,Truck,Crossroad,No,Cloudy,5,Yes,Red,Weekday,Low,156,63,Congested,Rural Road
Haryana,07-01-2025,13.00,Kurukshetra,Truck,T-Junction,No,Rain,2,No,Amber,Weekday,Medium,525,49,Normal,Urban Road
Haryana,07-01-2025,13.15,Kurukshetra,Auto,Roundabout,No,Cloudy,5,Yes,Amber,Weekday,Severe,59,69,Normal,Urban Road
Haryana,07-01-2025,13.30,Hisar,Auto,Crossroad,No,Sunny,3,No,Red,Weekday,Low,220,50,Accident,Rural Road
Haryana,07-01-2025,13.45,Sonipat,Car,T-Junction,No,Cloudy,5,Yes,Amber,Weekday,Severe,352,30,Congested,Highway
Haryana,07-01-2025,14.00,Kurukshetra,Truck,T-Junction,No,Fog,3,No,Green,Weekday,Medium,460,44,Normal,Rural Road
Haryana,07-01-2025,14.15,Kurukshetra,Bus,T-Junction,No,Clear,5,Yes,Red,Weekday,Severe,165,41,Congested,Highway
Haryana,07-01-2025,14.30,Kurukshetra,Auto,Crossroad,No,Rain,5,Yes,Green,Weekday,Low,110,45,Congested,Urban Road
Haryana,07-01-2025,14.45,Gurugram,Auto,Roundabout,No,Rain,4,No,Amber,Weekday,Severe,108,61,Normal,Urban Road
Haryana,07-01-2025,15.00,Sonipat,Two-Wheeler,T-Junction,No,Clear,4,No,Green,Weekday,Low,452,43,Congested,Highway
Haryana,07-01-2025,15.15,Kurukshetra,Car,Crossroad,No,Sunny,3,Yes,Amber,Weekday,Severe,375,54,Congested,Urban Road
Haryana,07-01-2025,15.30,Panipat,Two-Wheeler,Crossroad,No,Sunny,6,Yes,Red,Weekday,Medium,373,54,Normal,Highway
Haryana,07-01-2025,15.45,Sonipat,Bus,Crossroad,No,Rain,3,Yes,Green,Weekday,Severe,414,70,Congested,Urban Road
Haryana,07-01-2025,16.00,Rohtak,Truck,T-Junction,No,Sunny,5,No,Amber,Weekday,Low,240,47,Normal,Rural Road
Haryana,07-01-2025,16.15,Panipat,Two-Wheeler,T-Junction,No,Cloudy,6,No,Green,Weekday,Severe,207,68,Normal,Rural Road
Haryana,07-01-2025,16.30,Hisar,Truck,T-Junction,No,Sunny,6,No,Green,Weekday,Medium,421,63,Congested,Rural Road
Haryana,07-01-2025,16.45,Kurukshetra,Car,Roundabout,No,Fog,3,No,Green,Weekday,Severe,536,68,Accident,Rural Road
Haryana,07-01-2025,17.00,Sonipat,Bus,Crossroad,Yes,Clear,6,Yes,Amber,Weekday,Low,487,39,Accident,Urban Road
Haryana,07-01-2025,17.15,Kurukshetra,Car,Crossroad,Yes,Fog,6,Yes,Amber,Weekday,Medium,233,37,Congested,Highway
Haryana,07-01-2025,17.30,Sonipat,Two-Wheeler,Crossroad,Yes,Rain,3,No,Red,Weekday,Medium,279,40,Congested,Urban Road
Haryana,07-01-2025,17.45,Gurugram,Auto,T-Junction,Yes,Fog,5,No,Green,Weekday,High,487,49,Normal,Highway
Haryana,07-01-2025,18.00,Kurukshetra,Car,T-Junction,Yes,Cloudy,5,Yes,Green,Weekday,Low,246,20,Accident,Urban Road
Haryana,07-01-2025,18.15,Ambala,Car,T-Junction,Yes,Clear,2,Yes,Amber,Weekday,Low,529,62,Congested,Rural Road
Haryana,07-01-2025,18.30,Faridabad,Bus,Crossroad,Yes,Cloudy,6,Yes,Green,Weekday,Medium,126,54,Congested,Highway
Haryana,07-01-2025,18.45,Faridabad,Auto,Crossroad,Yes,Clear,2,Yes,Green,Weekday,Severe,268,60,Accident,Highway
Haryana,07-01-2025,19.00,Gurugram,Auto,T-Junction,No,Rain,4,Yes,Red,Weekday,High,424,67,Congested,Highway
Haryana,07-01-2025,19.15,Gurugram,Car,Crossroad,No,Cloudy,5,No,Amber,Weekday,Low,246,41,Congested,Rural Road
Haryana,07-01-2025,19.30,Ambala,Truck,T-Junction,No,Sunny,6,Yes,Red,Weekday,High,358,59,Congested,Highway
Haryana,07-01-2025,19.45,Faridabad,Truck,T-Junction,No,Clear,2,Yes,Amber,Weekday,Severe,80,27,Normal,Highway
Haryana,07-01-2025,20.00,Panipat,Two-Wheeler,Roundabout,No,Cloudy,5,No,Amber,Weekday,High,77,70,Congested,Urban Road
Haryana,07-01-2025,20.15,Karnal,Truck,Roundabout,No,Sunny,5,No,Green,Weekday,High,217,52,Congested,Highway
Haryana,07-01-2025,20.30,Kurukshetra,Two-Wheeler,T-Junction,No,Clear,6,Yes,Red,Weekday,Low,69,53,Normal,Highway
Haryana,07-01-2025,20.45,Ambala,Car,Roundabout,No,Rain,2,Yes,Green,Weekday,High,383,52,Congested,Highway
Haryana,07-01-2025,21.00,Hisar,Bus,Roundabout,No,Fog,2,No,Green,Weekday,High,414,48,Accident,Highway
Haryana,07-01-2025,21.15,Kurukshetra,Two-Wheeler,T-Junction,No,Rain,2,Yes,Amber,Weekday,Low,81,44,Normal,Rural Road
Haryana,07-01-2025,21.30,Hisar,Bus,Roundabout,No,Clear,5,No,Green,Weekday,Low,171,37,Accident,Urban Road
Haryana,07-01-2025,21.45,Yamunanagar,Car,Roundabout,No,Sunny,6,Yes,Red,Weekday,High,133,31,Normal,Rural Road
Haryana,07-01-2025,22.00,Gurugram,Two-Wheeler,T-Junction,No,Clear,5,Yes,Green,Weekday,Severe,530,65,Normal,Highway
Haryana,07-01-2025,22.15,Karnal,Auto,T-Junction,No,Rain,2,Yes,Green,Weekday,Severe,85,41,Congested,Rural Road
Haryana,07-01-2025,22.30,Karnal,Two-Wheeler,Roundabout,No,Sunny,4,No,Red,Weekday,Low,101,65,Accident,Rural Road
Haryana,07-01-2025,22.45,Ambala,Truck,Crossroad,No,Cloudy,6,Yes,Red,Weekday,Severe,378,24,Congested,Highway
Haryana,07-01-2025,23.00,Panipat,Two-Wheeler,Crossroad,No,Clear,4,No,Red,Weekday,Medium,462,30,Normal,Rural Road
Haryana,07-01-2025,23.15,Hisar,Two-Wheeler,T-Junction,No,Fog,3,Yes,Red,Weekday,Low,205,30,Accident,Urban Road
Haryana,07-01-2025,23.30,Karnal,Auto,T-Junction,No,Fog,5,No,Green,Weekday,Severe,216,59,Normal,Urban Road
Haryana,07-01-2025,23.45,Panipat,Bus,Crossroad,No,Rain,5,No,Red,Weekday,Medium,137,39,Accident,Urban Road
Haryana,08-01-2025,0.00,Faridabad,Car,T-Junction,No,Clear,5,No,Green,Weekday,Medium,381,23,Accident,Urban Road
Haryana,08-01-2025,0.15,Hisar,Auto,Crossroad,No,Sunny,2,Yes,Red,Weekday,Severe,143,62,Normal,Rural Road
Haryana,08-01-2025,0.30,Faridabad,Two-Wheeler,T-Junction,No,Cloudy,4,No,Amber,Weekday,Severe,466,32,Congested,Rural Road
Haryana,08-01-2025,0.45,Karnal,Car,Crossroad,No,Rain,4,No,Amber,Weekday,High,264,24,Congested,Rural Road
Haryana,08-01-2025,1.00,Hisar,Car,T-Junction,No,Clear,3,No,Amber,Weekday,Medium,405,39,Congested,Rural Road
Haryana,08-01-2025,1.15,Sonipat,Truck,Crossroad,No,Cloudy,2,No,Green,Weekday,High,404,35,Accident,Highway
Haryana,08-01-2025,1.30,Rohtak,Two-Wheeler,T-Junction,No,Fog,2,Yes,Red,Weekday,High,124,61,Normal,Rural Road
Haryana,08-01-2025,1.45,Gurugram,Car,Crossroad,No,Clear,6,Yes,Amber,Weekday,Medium,173,57,Accident,Urban Road
Haryana,08-01-2025,2.00,Rohtak,Car,Roundabout,No,Rain,2,Yes,Amber,Weekday,High,522,65,Accident,Rural Road
Haryana,08-01-2025,2.15,Kurukshetra,Two-Wheeler,Crossroad,No,Clear,4,Yes,Amber,Weekday,High,391,67,Congested,Highway
Haryana,08-01-2025,2.30,Gurugram,Two-Wheeler,T-Junction,No,Sunny,4,Yes,Amber,Weekday,Severe,231,28,Accident,Highway
Haryana,08-01-2025,2.45,Faridabad,Auto,Roundabout,No,Clear,5,Yes,Green,Weekday,Low,83,51,Accident,Urban Road
Haryana,08-01-2025,3.00,Ambala,Two-Wheeler,Crossroad,No,Fog,4,No,Red,Weekday,Medium,223,34,Congested,Highway
Haryana,08-01-2025,3.15,Karnal,Two-Wheeler,Crossroad,No,Clear,3,Yes,Red,Weekday,Severe,417,20,Congested,Highway
Haryana,08-01-2025,3.30,Rohtak,Truck,Roundabout,No,Sunny,2,No,Amber,Weekday,Severe,421,51,Accident,Rural Road
Haryana,08-01-2025,3.45,Rohtak,Car,T-Junction,No,Fog,4,No,Red,Weekday,Severe,358,37,Normal,Highway
Haryana,08-01-2025,4.00,Faridabad,Two-Wheeler,T-Junction,No,Cloudy,2,No,Green,Weekday,High,549,48,Normal,Urban Road
Haryana,08-01-2025,4.15,Faridabad,Two-Wheeler,Roundabout,No,Clear,3,Yes,Green,Weekday,Low,557,68,Normal,Urban Road
Haryana,08-01-2025,4.30,Faridabad,Truck,T-Junction,No,Sunny,2,No,Green,Weekday,Severe,416,45,Accident,Highway
Haryana,08-01-2025,4.45,Faridabad,Bus,T-Junction,No,Rain,3,Yes,Red,Weekday,Medium,336,41,Accident,Highway
Haryana,08-01-2025,5.00,Yamunanagar,Car,Crossroad,No,Cloudy,6,Yes,Red,Weekday,Severe,306,36,Accident,Rural Road
Haryana,08-01-2025,5.15,Kurukshetra,Bus,Roundabout,No,Clear,4,No,Green,Weekday,Medium,460,35,Accident,Rural Road
Haryana,08-01-2025,5.30,Yamunanagar,Truck,Crossroad,No,Clear,6,No,Red,Weekday,Medium,454,44,Congested,Highway
Haryana,08-01-2025,5.45,Gurugram,Bus,Roundabout,No,Cloudy,3,No,Amber,Weekday,High,445,66,Accident,Highway
Haryana,08-01-2025,6.00,Rohtak,Auto,Roundabout,No,Cloudy,6,Yes,Red,Weekday,Medium,412,39,Accident,Rural Road
Haryana,08-01-2025,6.15,Karnal,Car,Crossroad,No,Fog,4,No,Amber,Weekday,Severe,272,35,Congested,Urban Road
Haryana,08-01-2025,6.30,Ambala,Bus,Crossroad,No,Fog,4,Yes,Amber,Weekday,Severe,127,56,Normal,Rural Road
Haryana,08-01-2025,6.45,Rohtak,Truck,T-Junction,No,Sunny,4,No,Red,Weekday,Severe,260,64,Accident,Highway
Haryana,08-01-2025,7.00,Panipat,Car,Crossroad,No,Fog,3,No,Green,Weekday,Low,456,56,Accident,Highway
Haryana,08-01-2025,7.15,Faridabad,Car,T-Junction,No,Rain,2,Yes,Amber,Weekday,High,162,47,Accident,Urban Road
Haryana,08-01-2025,7.30,Ambala,Truck,T-Junction,No,Rain,3,Yes,Green,Weekday,Medium,197,64,Congested,Rural Road
Haryana,08-01-2025,7.45,Hisar,Auto,Roundabout,No,Sunny,2,No,Amber,Weekday,Medium,226,26,Normal,Rural Road
Haryana,08-01-2025,8.00,Karnal,Car,Crossroad,Yes,Fog,6,Yes,Green,Weekday,Low,373,49,Accident,Rural Road
Haryana,08-01-2025,8.15,Panipat,Bus,T-Junction,Yes,Sunny,2,No,Amber,Weekday,Severe,387,25,Congested,Rural Road
Haryana,08-01-2025,8.30,Panipat,Truck,T-Junction,Yes,Cloudy,6,Yes,Green,Weekday,Severe,473,66,Congested,Highway
Haryana,08-01-2025,8.45,Faridabad,Bus,T-Junction,Yes,Sunny,4,Yes,Green,Weekday,Low,140,65,Normal,Rural Road
Haryana,08-01-2025,9.00,Sonipat,Bus,Crossroad,Yes,Fog,5,Yes,Red,Weekday,Low,453,42,Accident,Rural Road
Haryana,08-01-2025,9.15,Gurugram,Bus,Roundabout,Yes,Sunny,4,Yes,Amber,Weekday,High,258,44,Congested,Rural Road
Haryana,08-01-2025,9.30,Karnal,Auto,Crossroad,Yes,Sunny,4,Yes,Red,Weekday,Severe,124,36,Congested,Rural Road
Haryana,08-01-2025,9.45,Panipat,Truck,Roundabout,Yes,Sunny,4,Yes,Amber,Weekday,Low,250,48,Accident,Highway
Haryana,08-01-2025,10.00,Hisar,Truck,Crossroad,No,Clear,2,Yes,Amber,Weekday,Severe,591,43,Normal,Urban Road
Haryana,08-01-2025,10.15,Kurukshetra,Truck,T-Junction,No,Fog,5,No,Red,Weekday,High,301,45,Congested,Rural Road
Haryana,08-01-2025,10.30,Faridabad,Bus,Crossroad,No,Fog,2,No,Red,Weekday,Low,241,24,Congested,Urban Road
Haryana,08-01-2025,10.45,Sonipat,Bus,Roundabout,No,Cloudy,5,No,Red,Weekday,Medium,199,67,Congested,Rural Road
Haryana,08-01-2025,11.00,Gurugram,Two-Wheeler,Crossroad,No,Cloudy,5,No,Amber,Weekday,Severe,313,32,Normal,Rural Road
Haryana,08-01-2025,11.15,Ambala,Two-Wheeler,T-Junction,No,Fog,6,Yes,Red,Weekday,Medium,55,31,Accident,Highway
Haryana,08-01-2025,11.30,Faridabad,Bus,T-Junction,No,Rain,5,No,Amber,Weekday,Medium,251,57,Normal,Urban Road
Haryana,08-01-2025,11.45,Kurukshetra,Truck,Crossroad,No,Rain,6,No,Green,Weekday,Low,122,28,Congested,Urban Road
Haryana,08-01-2025,12.00,Kurukshetra,Two-Wheeler,Crossroad,No,Clear,6,Yes,Green,Weekday,High,487,32,Normal,Urban Road
Haryana,08-01-2025,12.15,Rohtak,Two-Wheeler,Roundabout,No,Cloudy,3,No,Green,Weekday,Low,111,51,Accident,Urban Road
Haryana,08-01-2025,12.30,Sonipat,Auto,T-Junction,No,Rain,3,Yes,Red,Weekday,Severe,548,37,Normal,Urban Road
Haryana,08-01-2025,12.45,Rohtak,Truck,Roundabout,No,Fog,4,No,Red,Weekday,Severe,393,23,Congested,Rural Road
Haryana,08-01-2025,13.00,Kurukshetra,Car,T-Junction,No,Cloudy,4,Yes,Green,Weekday,Medium,410,62,Congested,Highway
Haryana,08-01-2025,13.15,Kurukshetra,Auto,Crossroad,No,Fog,5,No,Red,Weekday,High,82,29,Congested,Urban Road
Haryana,08-01-2025,13.30,Panipat,Auto,Crossroad,No,Sunny,3,Yes,Green,Weekday,Low,326,58,Congested,Highway
Haryana,08-01-2025,13.45,Hisar,Two-Wheeler,Crossroad,No,Clear,4,Yes,Red,Weekday,Low,547,20,Congested,Rural Road
Haryana,08-01-2025,14.00,Kurukshetra,Car,Crossroad,No,Sunny,6,Yes,Amber,Weekday,Medium,304,53,Congested,Highway
Haryana,08-01-2025,14.15,Yamunanagar,Car,Roundabout,No,Rain,6,No,Amber,Weekday,Severe,247,20,Normal,Urban Road
Haryana,08-01-2025,14.30,Rohtak,Bus,T-Junction,No,Cloudy,3,Yes,Amber,Weekday,High,339,43,Accident,Rural Road
Haryana,08-01-2025,14.45,Yamunanagar,Auto,Roundabout,No,Fog,5,No,Red,Weekday,Low,362,66,Normal,Rural Road
Haryana,08-01-2025,15.00,Panipat,Truck,Roundabout,No,Sunny,6,Yes,Green,Weekday,Medium,96,35,Accident,Highway
Haryana,08-01-2025,15.15,Karnal,Truck,T-Junction,No,Sunny,2,No,Red,Weekday,High,404,44,Congested,Rural Road
Haryana,08-01-2025,15.30,Ambala,Bus,T-Junction,No,Clear,3,No,Red,Weekday,Severe,54,20,Accident,Rural Road
Haryana,08-01-2025,15.45,Ambala,Car,Crossroad,No,Sunny,4,Yes,Green,Weekday,Low,294,31,Normal,Rural Road
Haryana,08-01-2025,16.00,Kurukshetra,Car,T-Junction,No,Sunny,5,No,Amber,Weekday,Severe,236,54,Accident,Highway
Haryana,08-01-2025,16.15,Rohtak,Bus,Crossroad,No,Rain,5,Yes,Green,Weekday,Medium,371,45,Accident,Rural Road
Haryana,08-01-2025,16.30,Faridabad,Car,Roundabout,No,Sunny,2,No,Amber,Weekday,High,317,46,Accident,Highway
Haryana,08-01-2025,16.45,Panipat,Car,Crossroad,No,Fog,3,Yes,Green,Weekday,High,200,59,Accident,Urban Road
Haryana,08-01-2025,17.00,Kurukshetra,Bus,T-Junction,Yes,Clear,6,Yes,Green,Weekday,Severe,250,20,Accident,Rural Road
Haryana,08-01-2025,17.15,Sonipat,Car,Crossroad,Yes,Rain,3,Yes,Red,Weekday,Severe,330,45,Accident,Rural Road
Haryana,08-01-2025,17.30,Panipat,Two-Wheeler,Crossroad,Yes,Fog,4,Yes,Amber,Weekday,Severe,344,23,Accident,Highway
Haryana,08-01-2025,17.45,Yamunanagar,Truck,Roundabout,Yes,Rain,5,Yes,Red,Weekday,Severe,196,55,Congested,Rural Road
Haryana,08-01-2025,18.00,Hisar,Car,T-Junction,Yes,Sunny,6,Yes,Red,Weekday,Severe,121,22,Normal,Highway
Haryana,08-01-2025,18.15,Karnal,Car,Crossroad,Yes,Cloudy,4,Yes,Amber,Weekday,Severe,599,70,Normal,Urban Road
Haryana,08-01-2025,18.30,Rohtak,Auto,Roundabout,Yes,Sunny,2,No,Green,Weekday,Medium,409,50,Accident,Rural Road
Haryana,08-01-2025,18.45,Ambala,Two-Wheeler,Roundabout,Yes,Fog,2,Yes,Amber,Weekday,Low,543,38,Accident,Rural Road
Haryana,08-01-2025,19.00,Rohtak,Bus,Crossroad,No,Sunny,4,Yes,Amber,Weekday,Medium,431,22,Accident,Urban Road
Haryana,08-01-2025,19.15,Karnal,Car,T-Junction,No,Fog,6,No,Red,Weekday,High,181,63,Congested,Highway
Haryana,08-01-2025,19.30,Gurugram,Two-Wheeler,T-Junction,No,Cloudy,6,Yes,Green,Weekday,High,561,26,Accident,Rural Road
Haryana,08-01-2025,19.45,Yamunanagar,Bus,T-Junction,No,Sunny,2,No,Amber,Weekday,Low,294,27,Accident,Highway
Haryana,08-01-2025,20.00,Panipat,Truck,T-Junction,No,Cloudy,6,No,Amber,Weekday,Severe,182,45,Normal,Rural Road
Haryana,08-01-2025,20.15,Karnal,Auto,T-Junction,No,Cloudy,4,No,Amber,Weekday,Low,433,23,Normal,Urban Road
Haryana,08-01-2025,20.30,Rohtak,Car,T-Junction,No,Sunny,6,Yes,Red,Weekday,Severe,116,48,Accident,Highway
Haryana,08-01-2025,20.45,Kurukshetra,Bus,Roundabout,No,Rain,6,No,Amber,Weekday,Low,286,35,Congested,Urban Road
Haryana,08-01-2025,21.00,Gurugram,Auto,Crossroad,No,Sunny,6,No,Red,Weekday,Severe,206,64,Normal,Rural Road
Haryana,08-01-2025,21.15,Yamunanagar,Bus,Crossroad,No,Fog,3,Yes,Green,Weekday,Medium,171,33,Normal,Urban Road
Haryana,08-01-2025,21.30,Ambala,Truck,T-Junction,No,Cloudy,4,No,Amber,Weekday,Low,241,40,Accident,Urban Road
Haryana,08-01-2025,21.45,Sonipat,Car,Roundabout,No,Cloudy,3,Yes,Red,Weekday,Medium,471,45,Congested,Urban Road
Haryana,08-01-2025,22.00,Karnal,Truck,Crossroad,No,Sunny,4,No,Red,Weekday,Low,399,35,Accident,Urban Road
Haryana,08-01-2025,22.15,Rohtak,Auto,Roundabout,No,Cloudy,2,No,Amber,Weekday,High,541,32,Congested,Rural Road
Haryana,08-01-2025,22.30,Hisar,Truck,Crossroad,No,Cloudy,2,No,Green,Weekday,Low,99,36,Congested,Highway
Haryana,08-01-2025,22.45,Ambala,Truck,Crossroad,No,Clear,3,Yes,Amber,Weekday,Severe,511,38,Congested,Urban Road
Haryana,08-01-2025,23.00,Panipat,Car,Roundabout,No,Cloudy,2,No,Green,Weekday,Low,153,50,Congested,Highway
Haryana,08-01-2025,23.15,Ambala,Car,T-Junction,No,Cloudy,2,No,Red,Weekday,Severe,205,68,Congested,Urban Road
Haryana,08-01-2025,23.30,Sonipat,Car,T-Junction,No,Rain,2,Yes,Red,Weekday,Medium,327,46,Congested,Highway
Haryana,08-01-2025,23.45,Karnal,Car,Crossroad,No,Cloudy,2,Yes,Green,Weekday,High,62,68,Normal,Highway
Haryana,09-01-2025,0.00,Sonipat,Car,T-Junction,No,Clear,5,Yes,Red,Weekday,Severe,212,46,Accident,Urban Road
Haryana,09-01-2025,0.15,Kurukshetra,Bus,Roundabout,No,Cloudy,5,No,Red,Weekday,Severe,516,70,Accident,Highway
Haryana,09-01-2025,0.30,Gurugram,Car,T-Junction,No,Rain,6,No,Green,Weekday,Severe,88,39,Accident,Highway
Haryana,09-01-2025,0.45,Karnal,Auto,Crossroad,No,Clear,3,No,Green,Weekday,High,141,70,Accident,Rural Road
Haryana,09-01-2025,1.00,Yamunanagar,Truck,Crossroad,No,Fog,5,No,Red,Weekday,Medium,485,25,Accident,Highway
Haryana,09-01-2025,1.15,Faridabad,Car,T-Junction,No,Rain,5,Yes,Green,Weekday,High,430,30,Accident,Rural Road
Haryana,09-01-2025,1.30,Gurugram,Car,T-Junction,No,Fog,4,No,Green,Weekday,Severe,60,66,Normal,Highway
Haryana,09-01-2025,1.45,Ambala,Two-Wheeler,Crossroad,No,Cloudy,4,Yes,Red,Weekday,Low,159,64,Accident,Rural Road
Haryana,09-01-2025,2.00,Rohtak,Bus,T-Junction,No,Cloudy,6,No,Green,Weekday,Low,318,32,Congested,Highway
Haryana,09-01-2025,2.15,Faridabad,Auto,Roundabout,No,Fog,4,No,Red,Weekday,High,63,43,Accident,Urban Road
Haryana,09-01-2025,2.30,Kurukshetra,Two-Wheeler,Crossroad,No,Sunny,6,No,Red,Weekday,Low,149,21,Accident,Highway
Haryana,09-01-2025,2.45,Kurukshetra,Auto,Roundabout,No,Rain,4,No,Red,Weekday,High,164,22,Normal,Rural Road
Haryana,09-01-2025,3.00,Panipat,Bus,Roundabout,No,Clear,4,Yes,Red,Weekday,Medium,134,21,Congested,Rural Road
Haryana,09-01-2025,3.15,Sonipat,Auto,Crossroad,No,Sunny,5,No,Amber,Weekday,Low,159,53,Accident,Rural Road
Haryana,09-01-2025,3.30,Kurukshetra,Car,T-Junction,No,Rain,5,No,Amber,Weekday,Medium,227,65,Congested,Highway
Haryana,09-01-2025,3.45,Rohtak,Bus,T-Junction,No,Sunny,4,No,Green,Weekday,Medium,569,37,Congested,Highway
Haryana,09-01-2025,4.00,Kurukshetra,Car,Roundabout,No,Sunny,4,No,Green,Weekday,Severe,293,57,Congested,Urban Road
Haryana,09-01-2025,4.15,Ambala,Truck,Roundabout,No,Clear,4,Yes,Green,Weekday,Severe,178,45,Normal,Urban Road
Haryana,09-01-2025,4.30,Sonipat,Two-Wheeler,T-Junction,No,Fog,5,No,Green,Weekday,Severe,515,30,Accident,Urban Road
Haryana,09-01-2025,4.45,Hisar,Truck,Roundabout,No,Fog,6,No,Green,Weekday,Severe,562,25,Accident,Rural Road
Haryana,09-01-2025,5.00,Ambala,Truck,Roundabout,No,Cloudy,4,No,Red,Weekday,Severe,485,36,Normal,Urban Road
Haryana,09-01-2025,5.15,Karnal,Auto,Roundabout,No,Sunny,4,Yes,Red,Weekday,Medium,240,60,Accident,Rural Road
Haryana,09-01-2025,5.30,Ambala,Car,Crossroad,No,Rain,4,Yes,Amber,Weekday,Medium,454,57,Normal,Rural Road
Haryana,09-01-2025,5.45,Panipat,Car,T-Junction,No,Rain,6,Yes,Amber,Weekday,Low,159,59,Accident,Rural Road
Haryana,09-01-2025,6.00,Gurugram,Two-Wheeler,Crossroad,No,Clear,2,Yes,Red,Weekday,Medium,332,54,Normal,Rural Road
Haryana,09-01-2025,6.15,Hisar,Truck,Roundabout,No,Fog,6,No,Amber,Weekday,High,328,26,Congested,Rural Road
Haryana,09-01-2025,6.30,Sonipat,Bus,Roundabout,No,Rain,5,Yes,Green,Weekday,Medium,428,70,Accident,Urban Road
Haryana,09-01-2025,6.45,Gurugram,Car,Roundabout,No,Fog,5,No,Red,Weekday,High,158,35,Normal,Rural Road
Haryana,09-01-2025,7.00,Gurugram,Bus,Crossroad,No,Sunny,4,Yes,Red,Weekday,Medium,235,24,Normal,Highway
Haryana,09-01-2025,7.15,Faridabad,Car,T-Junction,No,Fog,5,No,Amber,Weekday,Low,316,48,Normal,Rural Road
Haryana,09-01-2025,7.30,Gurugram,Car,Crossroad,No,Clear,6,No,Green,Weekday,Medium,533,65,Congested,Urban Road
Haryana,09-01-2025,7.45,Hisar,Auto,Roundabout,No,Rain,3,No,Green,Weekday,Severe,347,37,Normal,Rural Road
Haryana,09-01-2025,8.00,Ambala,Bus,Roundabout,Yes,Fog,5,No,Amber,Weekday,High,131,55,Accident,Urban Road
Haryana,09-01-2025,8.15,Faridabad,Two-Wheeler,Roundabout,Yes,Clear,6,Yes,Green,Weekday,Severe,294,24,Accident,Rural Road
Haryana,09-01-2025,8.30,Rohtak,Auto,T-Junction,Yes,Fog,2,No,Green,Weekday,Medium,540,55,Congested,Rural Road
Haryana,09-01-2025,8.45,Panipat,Two-Wheeler,Roundabout,Yes,Rain,2,No,Green,Weekday,High,273,48,Normal,Rural Road
Haryana,09-01-2025,9.00,Karnal,Bus,Crossroad,Yes,Cloudy,6,Yes,Amber,Weekday,Low,140,28,Accident,Urban Road
Haryana,09-01-2025,9.15,Ambala,Bus,T-Junction,Yes,Fog,4,Yes,Red,Weekday,High,382,41,Normal,Highway
Haryana,09-01-2025,9.30,Kurukshetra,Car,Roundabout,Yes,Cloudy,4,Yes,Amber,Weekday,Low,239,33,Normal,Urban Road
Haryana,09-01-2025,9.45,Faridabad,Bus,Roundabout,Yes,Sunny,3,No,Red,Weekday,Low,187,29,Congested,Urban Road
Haryana,09-01-2025,10.00,Rohtak,Car,Roundabout,No,Clear,3,Yes,Red,Weekday,Low,156,60,Accident,Urban Road
Haryana,09-01-2025,10.15,Kurukshetra,Truck,Crossroad,No,Sunny,4,No,Red,Weekday,Low,489,24,Normal,Urban Road
Haryana,09-01-2025,10.30,Faridabad,Car,Roundabout,No,Clear,2,Yes,Red,Weekday,High,434,20,Accident,Urban Road
Haryana,09-01-2025,10.45,Hisar,Truck,T-Junction,No,Clear,4,No,Red,Weekday,Medium,196,31,Accident,Rural Road
Haryana,09-01-2025,11.00,Kurukshetra,Car,Crossroad,No,Fog,2,Yes,Amber,Weekday,Low,482,59,Congested,Highway
Haryana,09-01-2025,11.15,Gurugram,Auto,T-Junction,No,Rain,2,No,Amber,Weekday,Low,310,30,Normal,Urban Road
Haryana,09-01-2025,11.30,Sonipat,Truck,Roundabout,No,Fog,2,No,Red,Weekday,Severe,241,56,Accident,Rural Road
Haryana,09-01-2025,11.45,Karnal,Car,Roundabout,No,Fog,4,No,Amber,Weekday,Medium,161,35,Accident,Rural Road
Haryana,09-01-2025,12.00,Yamunanagar,Truck,T-Junction,No,Sunny,3,No,Amber,Weekday,High,397,29,Congested,Highway
Haryana,09-01-2025,12.15,Kurukshetra,Truck,T-Junction,No,Cloudy,3,Yes,Amber,Weekday,Low,283,26,Congested,Rural Road
Haryana,09-01-2025,12.30,Kurukshetra,Auto,Roundabout,No,Rain,4,No,Amber,Weekday,Severe,378,50,Accident,Rural Road
Haryana,09-01-2025,12.45,Yamunanagar,Car,T-Junction,No,Rain,6,Yes,Red,Weekday,High,392,39,Accident,Rural Road
Haryana,09-01-2025,13.00,Ambala,Truck,Crossroad,No,Fog,4,No,Red,Weekday,Severe,405,40,Accident,Urban Road
Haryana,09-01-2025,13.15,Faridabad,Truck,Crossroad,No,Fog,6,Yes,Green,Weekday,Medium,409,33,Congested,Urban Road
Haryana,09-01-2025,13.30,Rohtak,Bus,T-Junction,No,Sunny,2,No,Red,Weekday,Low,241,42,Accident,Highway
Haryana,09-01-2025,13.45,Hisar,Auto,T-Junction,No,Sunny,3,No,Amber,Weekday,Medium,348,58,Congested,Urban Road
Haryana,09-01-2025,14.00,Ambala,Car,T-Junction,No,Clear,2,Yes,Red,Weekday,High,445,28,Accident,Highway
Haryana,09-01-2025,14.15,Rohtak,Car,T-Junction,No,Clear,3,No,Amber,Weekday,Low,170,53,Normal,Rural Road
Haryana,09-01-2025,14.30,Faridabad,Auto,Crossroad,No,Sunny,6,Yes,Red,Weekday,High,554,65,Congested,Urban Road
Haryana,09-01-2025,14.45,Faridabad,Auto,Crossroad,No,Sunny,5,Yes,Amber,Weekday,Severe,86,42,Congested,Highway
Haryana,09-01-2025,15.00,Karnal,Two-Wheeler,Roundabout,No,Clear,2,Yes,Red,Weekday,Low,544,23,Normal,Rural Road
Haryana,09-01-2025,15.15,Panipat,Bus,T-Junction,No,Rain,5,Yes,Amber,Weekday,Medium,63,59,Normal,Rural Road
Haryana,09-01-2025,15.30,Panipat,Auto,Roundabout,No,Sunny,2,No,Green,Weekday,High,408,30,Accident,Highway
Haryana,09-01-2025,15.45,Yamunanagar,Truck,T-Junction,No,Sunny,3,No,Green,Weekday,High,212,21,Normal,Urban Road
Haryana,09-01-2025,16.00,Rohtak,Car,Roundabout,No,Clear,3,No,Green,Weekday,Medium,160,61,Normal,Rural Road
Haryana,09-01-2025,16.15,Gurugram,Bus,T-Junction,No,Fog,5,No,Red,Weekday,High,558,64,Congested,Urban Road
Haryana,09-01-2025,16.30,Karnal,Two-Wheeler,Crossroad,No,Sunny,2,Yes,Amber,Weekday,High,328,43,Normal,Highway
Haryana,09-01-2025,16.45,Kurukshetra,Auto,T-Junction,No,Clear,5,Yes,Red,Weekday,High,181,53,Normal,Urban Road
Haryana,09-01-2025,17.00,Gurugram,Bus,Crossroad,Yes,Sunny,6,No,Amber,Weekday,High,150,20,Congested,Highway
Haryana,09-01-2025,17.15,Ambala,Two-Wheeler,T-Junction,Yes,Fog,6,Yes,Red,Weekday,Low,257,69,Congested,Rural Road
Haryana,09-01-2025,17.30,Ambala,Truck,Roundabout,Yes,Clear,3,No,Red,Weekday,High,79,65,Normal,Urban Road
Haryana,09-01-2025,17.45,Ambala,Auto,T-Junction,Yes,Cloudy,4,Yes,Red,Weekday,High,168,49,Congested,Urban Road
Haryana,09-01-2025,18.00,Yamunanagar,Auto,Roundabout,Yes,Rain,2,No,Green,Weekday,Medium,116,35,Normal,Rural Road
Haryana,09-01-2025,18.15,Gurugram,Truck,Crossroad,Yes,Sunny,3,No,Green,Weekday,Medium,587,34,Normal,Rural Road
Haryana,09-01-2025,18.30,Ambala,Auto,Crossroad,Yes,Rain,4,Yes,Green,Weekday,Low,366,41,Accident,Highway
Haryana,09-01-2025,18.45,Gurugram,Two-Wheeler,Crossroad,Yes,Rain,4,No,Amber,Weekday,Severe,464,52,Normal,Rural Road
Haryana,09-01-2025,19.00,Kurukshetra,Bus,Roundabout,No,Sunny,6,Yes,Green,Weekday,Severe,172,45,Normal,Rural Road
Haryana,09-01-2025,19.15,Panipat,Bus,T-Junction,No,Clear,4,No,Amber,Weekday,Medium,399,28,Accident,Urban Road
Haryana,09-01-2025,19.30,Sonipat,Bus,Crossroad,No,Sunny,5,Yes,Amber,Weekday,Medium,549,54,Accident,Highway
Haryana,09-01-2025,19.45,Kurukshetra,Two-Wheeler,Crossroad,No,Clear,3,No,Red,Weekday,High,347,53,Normal,Rural Road
Haryana,09-01-2025,20.00,Faridabad,Truck,Crossroad,No,Sunny,3,No,Amber,Weekday,Medium,576,44,Normal,Highway
Haryana,09-01-2025,20.15,Gurugram,Car,Crossroad,No,Sunny,4,No,Green,Weekday,Medium,51,45,Normal,Highway
Haryana,09-01-2025,20.30,Faridabad,Car,Roundabout,No,Cloudy,4,No,Green,Weekday,Medium,331,48,Congested,Rural Road
Haryana,09-01-2025,20.45,Panipat,Two-Wheeler,Crossroad,No,Fog,2,No,Amber,Weekday,Medium,306,24,Congested,Urban Road
Haryana,09-01-2025,21.00,Ambala,Bus,Crossroad,No,Rain,5,Yes,Amber,Weekday,Medium,236,22,Accident,Rural Road
Haryana,09-01-2025,21.15,Faridabad,Truck,Roundabout,No,Rain,6,Yes,Green,Weekday,Low,87,20,Accident,Rural Road
Haryana,09-01-2025,21.30,Rohtak,Auto,Crossroad,No,Fog,2,No,Red,Weekday,Low,595,42,Normal,Highway
Haryana,09-01-2025,21.45,Ambala,Bus,Crossroad,No,Sunny,5,No,Green,Weekday,Severe,183,47,Accident,Highway
Haryana,09-01-2025,22.00,Gurugram,Bus,Crossroad,No,Rain,3,No,Red,Weekday,Medium,443,57,Normal,Rural Road
Haryana,09-01-2025,22.15,Sonipat,Bus,Crossroad,No,Fog,5,No,Red,Weekday,Severe,556,53,Congested,Rural Road
Haryana,09-01-2025,22.30,Karnal,Car,T-Junction,No,Cloudy,4,Yes,Green,Weekday,Low,138,60,Accident,Urban Road
Haryana,09-01-2025,22.45,Panipat,Truck,Crossroad,No,Rain,5,Yes,Red,Weekday,Low,305,52,Congested,Highway
Haryana,09-01-2025,23.00,Kurukshetra,Car,Roundabout,No,Clear,6,Yes,Red,Weekday,Medium,547,47,Congested,Rural Road
Haryana,09-01-2025,23.15,Gurugram,Bus,Crossroad,No,Clear,2,Yes,Red,Weekday,Severe,352,61,Accident,Highway
Haryana,09-01-2025,23.30,Panipat,Two-Wheeler,Roundabout,No,Cloudy,4,No,Green,Weekday,Severe,189,20,Accident,Rural Road
Haryana,09-01-2025,23.45,Sonipat,Car,T-Junction,No,Clear,2,Yes,Green,Weekday,Severe,79,30,Normal,Highway
Haryana,10-01-2025,0.00,Kurukshetra,Auto,Roundabout,No,Clear,5,No,Red,Weekday,High,357,29,Normal,Highway
Haryana,10-01-2025,0.15,Rohtak,Auto,T-Junction,No,Clear,6,Yes,Green,Weekday,Low,600,46,Accident,Urban Road
Haryana,10-01-2025,0.30,Panipat,Auto,Roundabout,No,Cloudy,6,Yes,Green,Weekday,Low,280,66,Congested,Urban Road
Haryana,10-01-2025,0.45,Ambala,Car,T-Junction,No,Rain,2,Yes,Amber,Weekday,Severe,139,54,Normal,Urban Road
Haryana,10-01-2025,1.00,Gurugram,Bus,T-Junction,No,Cloudy,4,No,Green,Weekday,Severe,340,25,Normal,Highway
Haryana,10-01-2025,1.15,Sonipat,Truck,Roundabout,No,Cloudy,3,No,Red,Weekday,Medium,164,58,Normal,Highway
Haryana,10-01-2025,1.30,Panipat,Bus,T-Junction,No,Cloudy,5,No,Amber,Weekday,Severe,423,61,Normal,Urban Road
Haryana,10-01-2025,1.45,Gurugram,Truck,Crossroad,No,Fog,6,Yes,Amber,Weekday,Low,118,50,Normal,Urban Road
Haryana,10-01-2025,2.00,Panipat,Bus,T-Junction,No,Cloudy,6,Yes,Red,Weekday,Low,293,51,Normal,Rural Road
Haryana,10-01-2025,2.15,Hisar,Bus,Crossroad,No,Cloudy,4,No,Amber,Weekday,Low,579,68,Accident,Rural Road
Haryana,10-01-2025,2.30,Ambala,Car,Crossroad,No,Clear,5,No,Red,Weekday,Severe,419,20,Congested,Rural Road
Haryana,10-01-2025,2.45,Gurugram,Auto,Roundabout,No,Sunny,4,No,Amber,Weekday,High,448,69,Normal,Highway
Haryana,10-01-2025,3.00,Gurugram,Bus,Crossroad,No,Sunny,5,Yes,Red,Weekday,Low,264,55,Normal,Highway
Haryana,10-01-2025,3.15,Sonipat,Auto,T-Junction,No,Sunny,3,Yes,Amber,Weekday,Medium,557,36,Congested,Urban Road
Haryana,10-01-2025,3.30,Yamunanagar,Bus,T-Junction,No,Cloudy,4,No,Red,Weekday,Medium,495,69,Normal,Rural Road
Haryana,10-01-2025,3.45,Panipat,Two-Wheeler,Roundabout,No,Clear,3,Yes,Amber,Weekday,Low,454,45,Accident,Highway
Haryana,10-01-2025,4.00,Ambala,Auto,Roundabout,No,Cloudy,5,Yes,Amber,Weekday,Low,421,28,Congested,Highway
Haryana,10-01-2025,4.15,Yamunanagar,Bus,T-Junction,No,Cloudy,5,No,Green,Weekday,Severe,335,44,Congested,Urban Road
Haryana,10-01-2025,4.30,Hisar,Truck,Roundabout,No,Sunny,2,No,Red,Weekday,High,378,57,Congested,Urban Road
Haryana,10-01-2025,4.45,Gurugram,Auto,Roundabout,No,Rain,3,Yes,Red,Weekday,Medium,419,61,Congested,Rural Road
Haryana,10-01-2025,5.00,Sonipat,Auto,Crossroad,No,Fog,3,No,Red,Weekday,High,454,29,Normal,Highway
Haryana,10-01-2025,5.15,Panipat,Two-Wheeler,T-Junction,No,Sunny,5,No,Red,Weekday,Medium,373,41,Normal,Rural Road
Haryana,10-01-2025,5.30,Sonipat,Car,T-Junction,No,Cloudy,6,Yes,Green,Weekday,Low,94,38,Congested,Highway
Haryana,10-01-2025,5.45,Hisar,Auto,T-Junction,No,Clear,4,Yes,Amber,Weekday,Medium,256,47,Accident,Highway
Haryana,10-01-2025,6.00,Hisar,Car,Roundabout,No,Sunny,5,No,Red,Weekday,Low,402,28,Congested,Urban Road
Haryana,10-01-2025,6.15,Gurugram,Car,Crossroad,No,Cloudy,6,No,Green,Weekday,Severe,339,70,Accident,Urban Road
Haryana,10-01-2025,6.30,Hisar,Bus,Roundabout,No,Fog,3,No,Green,Weekday,Low,421,66,Normal,Rural Road
Haryana,10-01-2025,6.45,Rohtak,Two-Wheeler,Crossroad,No,Clear,3,Yes,Amber,Weekday,High,332,68,Congested,Highway
Haryana,10-01-2025,7.00,Karnal,Truck,Crossroad,No,Sunny,5,Yes,Red,Weekday,High,517,49,Normal,Rural Road
Haryana,10-01-2025,7.15,Hisar,Bus,T-Junction,No,Cloudy,6,No,Green,Weekday,Medium,167,29,Accident,Highway
Haryana,10-01-2025,7.30,Yamunanagar,Auto,T-Junction,No,Clear,3,Yes,Amber,Weekday,Low,596,47,Congested,Highway
Haryana,10-01-2025,7.45,Kurukshetra,Truck,T-Junction,No,Cloudy,5,No,Red,Weekday,Low,434,50,Congested,Urban Road
Haryana,10-01-2025,8.00,Panipat,Truck,Roundabout,Yes,Rain,6,Yes,Green,Weekday,Low,460,52,Normal,Highway
Haryana,10-01-2025,8.15,Faridabad,Two-Wheeler,Roundabout,Yes,Cloudy,3,Yes,Green,Weekday,Low,167,22,Normal,Urban Road
Haryana,10-01-2025,8.30,Gurugram,Auto,Crossroad,Yes,Rain,5,No,Green,Weekday,Severe,79,51,Accident,Highway
Haryana,10-01-2025,8.45,Gurugram,Bus,Roundabout,Yes,Sunny,4,No,Red,Weekday,Medium,252,39,Congested,Urban Road
Haryana,10-01-2025,9.00,Ambala,Bus,Crossroad,Yes,Sunny,5,Yes,Amber,Weekday,Low,345,56,Congested,Urban Road
Haryana,10-01-2025,9.15,Karnal,Two-Wheeler,Roundabout,Yes,Sunny,2,Yes,Green,Weekday,Severe,139,27,Accident,Highway
Haryana,10-01-2025,9.30,Sonipat,Two-Wheeler,Crossroad,Yes,Fog,4,No,Green,Weekday,Low,592,57,Accident,Highway
Haryana,10-01-2025,9.45,Yamunanagar,Auto,Crossroad,Yes,Sunny,5,Yes,Amber,Weekday,High,587,22,Accident,Urban Road
Haryana,10-01-2025,10.00,Karnal,Two-Wheeler,Crossroad,No,Fog,3,Yes,Amber,Weekday,Medium,528,32,Accident,Rural Road
Haryana,10-01-2025,10.15,Kurukshetra,Bus,Roundabout,No,Clear,3,No,Amber,Weekday,High,121,46,Accident,Highway
Haryana,10-01-2025,10.30,Gurugram,Auto,Roundabout,No,Sunny,5,No,Green,Weekday,Medium,318,56,Congested,Highway
Haryana,10-01-2025,10.45,Faridabad,Bus,T-Junction,No,Cloudy,2,Yes,Red,Weekday,Severe,544,21,Accident,Highway
Haryana,10-01-2025,11.00,Karnal,Car,Crossroad,No,Fog,6,Yes,Green,Weekday,Low,277,20,Normal,Urban Road
Haryana,10-01-2025,11.15,Hisar,Bus,Crossroad,No,Fog,4,No,Green,Weekday,Medium,197,23,Accident,Highway
Haryana,10-01-2025,11.30,Yamunanagar,Auto,Roundabout,No,Clear,2,Yes,Red,Weekday,Medium,277,22,Congested,Rural Road
Haryana,10-01-2025,11.45,Karnal,Truck,T-Junction,No,Sunny,5,No,Red,Weekday,Severe,307,33,Congested,Urban Road
Haryana,10-01-2025,12.00,Faridabad,Truck,Roundabout,No,Sunny,2,Yes,Green,Weekday,Severe,316,29,Congested,Urban Road
Haryana,10-01-2025,12.15,Gurugram,Two-Wheeler,Roundabout,No,Clear,6,Yes,Amber,Weekday,Severe,551,23,Congested,Rural Road
Haryana,10-01-2025,12.30,Karnal,Two-Wheeler,Roundabout,No,Sunny,2,No,Red,Weekday,Severe,277,42,Normal,Highway
Haryana,10-01-2025,12.45,Kurukshetra,Truck,Roundabout,No,Clear,5,Yes,Red,Weekday,Severe,538,69,Normal,Highway
Haryana,10-01-2025,13.00,Gurugram,Auto,Roundabout,No,Sunny,3,Yes,Green,Weekday,Medium,557,48,Congested,Urban Road
Haryana,10-01-2025,13.15,Ambala,Bus,T-Junction,No,Cloudy,2,Yes,Amber,Weekday,High,500,47,Normal,Urban Road
Haryana,10-01-2025,13.30,Karnal,Truck,Roundabout,No,Fog,3,No,Green,Weekday,Medium,255,40,Accident,Highway
Haryana,10-01-2025,13.45,Kurukshetra,Truck,Crossroad,No,Sunny,5,No,Amber,Weekday,High,540,45,Normal,Highway
Haryana,10-01-2025,14.00,Hisar,Truck,Crossroad,No,Clear,4,Yes,Green,Weekday,High,581,34,Accident,Highway
Haryana,10-01-2025,14.15,Gurugram,Auto,Crossroad,No,Sunny,4,Yes,Green,Weekday,Severe,562,32,Normal,Urban Road
Haryana,10-01-2025,14.30,Gurugram,Truck,Crossroad,No,Fog,4,No,Red,Weekday,Low,78,67,Congested,Highway
Haryana,10-01-2025,14.45,Hisar,Bus,Roundabout,No,Clear,3,No,Amber,Weekday,Severe,269,39,Normal,Urban Road
Haryana,10-01-2025,15.00,Sonipat,Truck,T-Junction,No,Rain,3,No,Green,Weekday,Severe,410,47,Accident,Rural Road
Haryana,10-01-2025,15.15,Panipat,Car,T-Junction,No,Rain,4,No,Green,Weekday,Low,293,65,Accident,Rural Road
Haryana,10-01-2025,15.30,Faridabad,Auto,T-Junction,No,Cloudy,5,No,Red,Weekday,High,222,41,Accident,Rural Road
Haryana,10-01-2025,15.45,Kurukshetra,Auto,Roundabout,No,Clear,3,Yes,Green,Weekday,High,159,34,Accident,Urban Road
Haryana,10-01-2025,16.00,Sonipat,Bus,Crossroad,No,Sunny,4,Yes,Amber,Weekday,Medium,404,31,Normal,Highway
Haryana,10-01-2025,16.15,Faridabad,Truck,Roundabout,No,Rain,3,No,Amber,Weekday,Low,264,22,Accident,Urban Road
Haryana,10-01-2025,16.30,Gurugram,Truck,T-Junction,No,Sunny,2,Yes,Green,Weekday,Severe,230,61,Congested,Highway
Haryana,10-01-2025,16.45,Faridabad,Car,Roundabout,No,Cloudy,4,Yes,Amber,Weekday,Medium,147,29,Normal,Urban Road
Haryana,10-01-2025,17.00,Ambala,Two-Wheeler,Crossroad,Yes,Clear,2,No,Amber,Weekday,High,74,26,Congested,Urban Road
Haryana,10-01-2025,17.15,Kurukshetra,Bus,Roundabout,Yes,Cloudy,4,No,Green,Weekday,Low,80,64,Congested,Highway
Haryana,10-01-2025,17.30,Hisar,Truck,Roundabout,Yes,Clear,2,Yes,Red,Weekday,Low,55,37,Congested,Highway
Haryana,10-01-2025,17.45,Kurukshetra,Car,T-Junction,Yes,Sunny,3,No,Red,Weekday,High,423,42,Normal,Urban Road
Haryana,10-01-2025,18.00,Panipat,Two-Wheeler,Roundabout,Yes,Rain,2,No,Amber,Weekday,High,386,24,Congested,Rural Road
Haryana,10-01-2025,18.15,Rohtak,Car,Crossroad,Yes,Fog,2,Yes,Red,Weekday,Low,427,66,Normal,Urban Road
Haryana,10-01-2025,18.30,Kurukshetra,Bus,Crossroad,Yes,Sunny,4,Yes,Red,Weekday,High,596,48,Congested,Urban Road
Haryana,10-01-2025,18.45,Rohtak,Bus,Roundabout,Yes,Clear,4,Yes,Red,Weekday,Low,513,23,Accident,Highway
Haryana,10-01-2025,19.00,Gurugram,Car,T-Junction,No,Clear,3,No,Red,Weekday,High,530,26,Congested,Rural Road
Haryana,10-01-2025,19.15,Yamunanagar,Two-Wheeler,Roundabout,No,Rain,6,Yes,Amber,Weekday,Low,435,56,Congested,Urban Road
Haryana,10-01-2025,19.30,Yamunanagar,Bus,Roundabout,No,Rain,2,Yes,Red,Weekday,High,337,57,Accident,Highway
Haryana,10-01-2025,19.45,Rohtak,Car,Roundabout,No,Clear,5,Yes,Green,Weekday,High,418,44,Congested,Highway
Haryana,10-01-2025,20.00,Faridabad,Truck,Crossroad,No,Cloudy,5,Yes,Amber,Weekday,High,411,65,Congested,Rural Road
Haryana,10-01-2025,20.15,Kurukshetra,Car,Roundabout,No,Fog,5,Yes,Amber,Weekday,Severe,314,40,Accident,Urban Road
Haryana,10-01-2025,20.30,Sonipat,Auto,Roundabout,No,Rain,3,No,Amber,Weekday,Low,204,59,Congested,Highway
Haryana,10-01-2025,20.45,Sonipat,Bus,T-Junction,No,Clear,2,No,Red,Weekday,Medium,92,40,Normal,Rural Road
Haryana,10-01-2025,21.00,Rohtak,Bus,Crossroad,No,Sunny,3,No,Amber,Weekday,High,63,47,Congested,Highway
Haryana,10-01-2025,21.15,Faridabad,Two-Wheeler,Crossroad,No,Cloudy,2,No,Red,Weekday,Severe,590,36,Normal,Rural Road
Haryana,10-01-2025,21.30,Gurugram,Truck,Roundabout,No,Cloudy,2,Yes,Red,Weekday,Low,62,30,Normal,Urban Road
Haryana,10-01-2025,21.45,Karnal,Bus,Roundabout,No,Fog,2,No,Amber,Weekday,Medium,595,35,Normal,Highway
Haryana,10-01-2025,22.00,Hisar,Auto,T-Junction,No,Fog,2,No,Green,Weekday,Medium,531,51,Congested,Highway
Haryana,10-01-2025,22.15,Gurugram,Two-Wheeler,Roundabout,No,Rain,5,No,Amber,Weekday,Severe,401,30,Accident,Rural Road
Haryana,10-01-2025,22.30,Kurukshetra,Two-Wheeler,T-Junction,No,Sunny,4,No,Green,Weekday,Severe,339,62,Normal,Highway
Haryana,10-01-2025,22.45,Yamunanagar,Car,T-Junction,No,Cloudy,3,Yes,Amber,Weekday,Medium,67,62,Congested,Urban Road
Haryana,10-01-2025,23.00,Ambala,Bus,Roundabout,No,Sunny,4,Yes,Red,Weekday,High,477,68,Accident,Urban Road
Haryana,10-01-2025,23.15,Sonipat,Truck,T-Junction,No,Clear,6,No,Red,Weekday,Medium,221,66,Normal,Urban Road
Haryana,10-01-2025,23.30,Kurukshetra,Truck,Roundabout,No,Clear,5,No,Amber,Weekday,Medium,517,58,Normal,Highway
Haryana,10-01-2025,23.45,Gurugram,Auto,Roundabout,No,Clear,5,No,Green,Weekday,Low,365,68,Normal,Rural Road
Haryana,11-01-2025,0.00,Faridabad,Two-Wheeler,Roundabout,No,Sunny,4,No,Red,Weekend,High,106,40,Congested,Highway
Haryana,11-01-2025,0.15,Sonipat,Auto,Roundabout,No,Cloudy,3,No,Red,Weekend,Low,533,37,Normal,Urban Road
Haryana,11-01-2025,0.30,Rohtak,Auto,Roundabout,No,Rain,3,Yes,Red,Weekend,Low,494,47,Congested,Urban Road
Haryana,11-01-2025,0.45,Panipat,Two-Wheeler,T-Junction,No,Clear,3,Yes,Red,Weekend,High,422,46,Congested,Highway
Haryana,11-01-2025,1.00,Gurugram,Bus,T-Junction,No,Clear,3,Yes,Green,Weekend,Severe,202,44,Accident,Highway
Haryana,11-01-2025,1.15,Hisar,Car,T-Junction,No,Fog,5,No,Amber,Weekend,Low,157,69,Normal,Urban Road
Haryana,11-01-2025,1.30,Sonipat,Car,T-Junction,No,Sunny,4,No,Green,Weekend,Medium,150,70,Normal,Rural Road
Haryana,11-01-2025,1.45,Faridabad,Truck,Crossroad,No,Sunny,3,Yes,Red,Weekend,Severe,401,42,Normal,Urban Road
Haryana,11-01-2025,2.00,Panipat,Bus,Roundabout,No,Rain,2,Yes,Green,Weekend,Low,306,37,Accident,Urban Road
Haryana,11-01-2025,2.15,Ambala,Bus,T-Junction,No,Fog,5,No,Amber,Weekend,Severe,467,57,Normal,Highway
Haryana,11-01-2025,2.30,Ambala,Two-Wheeler,T-Junction,No,Clear,6,No,Red,Weekend,Severe,114,21,Congested,Rural Road
Haryana,11-01-2025,2.45,Karnal,Two-Wheeler,T-Junction,No,Rain,6,No,Red,Weekend,Medium,502,61,Accident,Highway
Haryana,11-01-2025,3.00,Ambala,Truck,T-Junction,No,Clear,2,No,Red,Weekend,Low,318,29,Normal,Urban Road
Haryana,11-01-2025,3.15,Faridabad,Car,Roundabout,No,Clear,2,Yes,Green,Weekend,High,344,69,Congested,Urban Road
Haryana,11-01-2025,3.30,Gurugram,Bus,T-Junction,No,Sunny,5,Yes,Amber,Weekend,Severe,264,65,Normal,Highway
Haryana,11-01-2025,3.45,Sonipat,Two-Wheeler,Crossroad,No,Cloudy,5,Yes,Red,Weekend,High,321,53,Accident,Rural Road
Haryana,11-01-2025,4.00,Hisar,Truck,T-Junction,No,Sunny,4,Yes,Red,Weekend,Low,74,23,Congested,Highway
Haryana,11-01-2025,4.15,Faridabad,Car,Crossroad,No,Clear,2,Yes,Red,Weekend,Low,223,52,Normal,Urban Road
Haryana,11-01-2025,4.30,Kurukshetra,Two-Wheeler,Roundabout,No,Sunny,2,Yes,Amber,Weekend,High,93,57,Accident,Urban Road
Haryana,11-01-2025,4.45,Gurugram,Car,Crossroad,No,Cloudy,4,Yes,Green,Weekend,Low,538,49,Normal,Rural Road
Haryana,11-01-2025,5.00,Sonipat,Auto,Roundabout,No,Clear,3,No,Amber,Weekend,Medium,537,56,Normal,Urban Road
Haryana,11-01-2025,5.15,Karnal,Car,T-Junction,No,Clear,5,No,Green,Weekend,Severe,113,60,Congested,Highway
Haryana,11-01-2025,5.30,Rohtak,Two-Wheeler,Crossroad,No,Fog,2,No,Red,Weekend,Severe,486,69,Accident,Urban Road
Haryana,11-01-2025,5.45,Hisar,Bus,Crossroad,No,Fog,4,No,Red,Weekend,High,556,61,Accident,Urban Road
Haryana,11-01-2025,6.00,Yamunanagar,Auto,T-Junction,No,Sunny,5,No,Green,Weekend,Severe,346,44,Congested,Rural Road
Haryana,11-01-2025,6.15,Panipat,Truck,Crossroad,No,Sunny,6,Yes,Green,Weekend,Medium,398,31,Normal,Urban Road
Haryana,11-01-2025,6.30,Rohtak,Two-Wheeler,T-Junction,No,Cloudy,4,No,Amber,Weekend,High,481,23,Normal,Highway
Haryana,11-01-2025,6.45,Ambala,Auto,T-Junction,No,Fog,2,Yes,Amber,Weekend,Low,499,61,Congested,Rural Road
Haryana,11-01-2025,7.00,Kurukshetra,Two-Wheeler,Crossroad,No,Sunny,5,No,Amber,Weekend,Severe,305,40,Accident,Rural Road
Haryana,11-01-2025,7.15,Faridabad,Two-Wheeler,Crossroad,No,Fog,2,No,Green,Weekend,Low,400,68,Congested,Rural Road
Haryana,11-01-2025,7.30,Faridabad,Auto,Roundabout,No,Cloudy,6,No,Amber,Weekend,Medium,574,29,Normal,Highway
Haryana,11-01-2025,7.45,Gurugram,Auto,T-Junction,No,Clear,6,Yes,Red,Weekend,High,99,43,Accident,Rural Road
Haryana,11-01-2025,8.00,Kurukshetra,Truck,T-Junction,Yes,Fog,2,Yes,Amber,Weekend,Medium,71,40,Accident,Highway
Haryana,11-01-2025,8.15,Karnal,Car,T-Junction,Yes,Sunny,4,Yes,Amber,Weekend,Medium,376,53,Congested,Rural Road
Haryana,11-01-2025,8.30,Ambala,Car,Crossroad,Yes,Sunny,6,No,Green,Weekend,Low,60,67,Congested,Rural Road
Haryana,11-01-2025,8.45,Panipat,Two-Wheeler,Crossroad,Yes,Rain,3,No,Red,Weekend,Medium,304,60,Congested,Rural Road
Haryana,11-01-2025,9.00,Gurugram,Auto,Crossroad,Yes,Sunny,2,Yes,Amber,Weekend,High,89,32,Accident,Rural Road
Haryana,11-01-2025,9.15,Rohtak,Car,T-Junction,Yes,Cloudy,5,Yes,Green,Weekend,High,121,36,Accident,Highway
Haryana,11-01-2025,9.30,Sonipat,Bus,Crossroad,Yes,Rain,2,No,Green,Weekend,High,543,35,Accident,Urban Road
Haryana,11-01-2025,9.45,Yamunanagar,Car,T-Junction,Yes,Cloudy,2,Yes,Green,Weekend,Low,567,36,Accident,Urban Road
Haryana,11-01-2025,10.00,Faridabad,Truck,Crossroad,No,Rain,4,Yes,Green,Weekend,Severe,176,26,Accident,Rural Road
Haryana,11-01-2025,10.15,Karnal,Truck,Roundabout,No,Cloudy,3,Yes,Amber,Weekend,Medium,342,34,Normal,Rural Road
Haryana,11-01-2025,10.30,Gurugram,Bus,Roundabout,No,Rain,2,Yes,Green,Weekend,High,422,38,Accident,Highway
Haryana,11-01-2025,10.45,Karnal,Auto,Crossroad,No,Rain,5,Yes,Amber,Weekend,Medium,353,49,Congested,Rural Road
Haryana,11-01-2025,11.00,Gurugram,Auto,T-Junction,No,Fog,3,No,Red,Weekend,High,197,54,Congested,Rural Road
Haryana,11-01-2025,11.15,Faridabad,Two-Wheeler,T-Junction,No,Rain,5,No,Red,Weekend,Low,500,45,Normal,Urban Road
Haryana,11-01-2025,11.30,Gurugram,Car,T-Junction,No,Cloudy,2,No,Green,Weekend,Low,320,69,Accident,Highway
Haryana,11-01-2025,11.45,Faridabad,Two-Wheeler,T-Junction,No,Rain,2,Yes,Amber,Weekend,Severe,117,42,Congested,Highway
Haryana,11-01-2025,12.00,Hisar,Two-Wheeler,Crossroad,No,Clear,3,Yes,Amber,Weekend,Low,534,66,Normal,Urban Road
Haryana,11-01-2025,12.15,Faridabad,Auto,Roundabout,No,Rain,4,No,Red,Weekend,High,178,20,Accident,Highway
Haryana,11-01-2025,12.30,Ambala,Truck,Roundabout,No,Rain,2,No,Green,Weekend,High,509,29,Accident,Rural Road
Haryana,11-01-2025,12.45,Yamunanagar,Truck,Roundabout,No,Fog,6,No,Red,Weekend,High,362,52,Accident,Urban Road
Haryana,11-01-2025,13.00,Faridabad,Bus,Roundabout,No,Fog,4,Yes,Red,Weekend,Severe,457,50,Accident,Urban Road
Haryana,11-01-2025,13.15,Kurukshetra,Car,Roundabout,No,Fog,2,No,Red,Weekend,High,190,24,Congested,Rural Road
Haryana,11-01-2025,13.30,Yamunanagar,Truck,Crossroad,No,Clear,3,Yes,Green,Weekend,Severe,313,62,Congested,Highway
Haryana,11-01-2025,13.45,Hisar,Bus,Roundabout,No,Rain,6,No,Red,Weekend,Low,144,25,Normal,Rural Road
Haryana,11-01-2025,14.00,Rohtak,Bus,Crossroad,No,Rain,3,Yes,Green,Weekend,High,478,52,Congested,Highway
Haryana,11-01-2025,14.15,Hisar,Auto,Roundabout,No,Cloudy,3,No,Green,Weekend,High,205,54,Accident,Urban Road
Haryana,11-01-2025,14.30,Kurukshetra,Two-Wheeler,Roundabout,No,Fog,4,Yes,Amber,Weekend,Low,568,35,Normal,Highway
Haryana,11-01-2025,14.45,Sonipat,Truck,Crossroad,No,Clear,6,No,Green,Weekend,Medium,481,70,Accident,Urban Road
Haryana,11-01-2025,15.00,Yamunanagar,Car,Roundabout,No,Cloudy,5,Yes,Red,Weekend,Medium,189,58,Normal,Rural Road
Haryana,11-01-2025,15.15,Yamunanagar,Car,Crossroad,No,Cloudy,5,No,Red,Weekend,Severe,255,39,Accident,Rural Road
Haryana,11-01-2025,15.30,Rohtak,Car,T-Junction,No,Sunny,5,Yes,Green,Weekend,Low,76,58,Congested,Highway
Haryana,11-01-2025,15.45,Karnal,Car,T-Junction,No,Cloudy,6,Yes,Amber,Weekend,Medium,531,38,Accident,Highway
Haryana,11-01-2025,16.00,Faridabad,Auto,T-Junction,No,Clear,3,No,Green,Weekend,Medium,499,52,Accident,Rural Road
Haryana,11-01-2025,16.15,Sonipat,Car,Roundabout,No,Fog,2,No,Red,Weekend,Severe,275,48,Congested,Urban Road
Haryana,11-01-2025,16.30,Hisar,Car,T-Junction,No,Fog,5,No,Amber,Weekend,Severe,526,35,Accident,Rural Road
Haryana,11-01-2025,16.45,Yamunanagar,Bus,Crossroad,No,Fog,6,Yes,Amber,Weekend,Low,368,43,Accident,Highway
Haryana,11-01-2025,17.00,Faridabad,Truck,Roundabout,Yes,Sunny,2,No,Amber,Weekend,Medium,576,68,Accident,Rural Road
Haryana,11-01-2025,17.15,Panipat,Auto,Crossroad,Yes,Fog,4,No,Amber,Weekend,High,137,53,Normal,Urban Road
Haryana,11-01-2025,17.30,Sonipat,Bus,Crossroad,Yes,Cloudy,2,No,Red,Weekend,Severe,546,44,Normal,Urban Road
Haryana,11-01-2025,17.45,Rohtak,Truck,Roundabout,Yes,Rain,2,Yes,Red,Weekend,High,540,35,Accident,Urban Road
Haryana,11-01-2025,18.00,Kurukshetra,Two-Wheeler,Roundabout,Yes,Clear,4,No,Red,Weekend,Severe,374,32,Normal,Highway
Haryana,11-01-2025,18.15,Ambala,Bus,Crossroad,Yes,Rain,6,Yes,Amber,Weekend,Low,580,46,Accident,Urban Road
Haryana,11-01-2025,18.30,Kurukshetra,Car,Crossroad,Yes,Fog,2,No,Red,Weekend,Medium,196,49,Accident,Rural Road
Haryana,11-01-2025,18.45,Gurugram,Two-Wheeler,Roundabout,Yes,Rain,6,No,Green,Weekend,Medium,327,48,Accident,Highway
Haryana,11-01-2025,19.00,Hisar,Auto,Roundabout,No,Fog,4,No,Red,Weekend,Low,530,49,Accident,Highway
Haryana,11-01-2025,19.15,Yamunanagar,Car,Crossroad,No,Sunny,2,No,Amber,Weekend,Medium,269,61,Normal,Highway
Haryana,11-01-2025,19.30,Sonipat,Car,Roundabout,No,Cloudy,3,Yes,Green,Weekend,Severe,488,31,Accident,Rural Road
Haryana,11-01-2025,19.45,Ambala,Car,Roundabout,No,Sunny,4,No,Red,Weekend,High,174,39,Accident,Highway
Haryana,11-01-2025,20.00,Karnal,Truck,Crossroad,No,Clear,6,No,Amber,Weekend,Severe,477,26,Normal,Highway
Haryana,11-01-2025,20.15,Gurugram,Truck,T-Junction,No,Clear,5,No,Amber,Weekend,Medium,159,53,Congested,Highway
Haryana,11-01-2025,20.30,Hisar,Bus,Roundabout,No,Sunny,5,Yes,Green,Weekend,High,350,69,Congested,Rural Road
Haryana,11-01-2025,20.45,Sonipat,Car,T-Junction,No,Cloudy,5,Yes,Amber,Weekend,Medium,506,60,Accident,Rural Road
Haryana,11-01-2025,21.00,Karnal,Bus,Roundabout,No,Fog,2,No,Amber,Weekend,Severe,259,63,Congested,Highway
Haryana,11-01-2025,21.15,Rohtak,Car,T-Junction,No,Cloudy,2,No,Red,Weekend,Medium,323,40,Accident,Rural Road
Haryana,11-01-2025,21.30,Yamunanagar,Car,T-Junction,No,Rain,6,Yes,Red,Weekend,Severe,531,65,Congested,Urban Road
Haryana,11-01-2025,21.45,Kurukshetra,Auto,Crossroad,No,Fog,6,Yes,Red,Weekend,Medium,513,69,Accident,Urban Road
Haryana,11-01-2025,22.00,Karnal,Two-Wheeler,Roundabout,No,Rain,4,Yes,Amber,Weekend,Low,361,68,Congested,Rural Road
Haryana,11-01-2025,22.15,Sonipat,Car,Roundabout,No,Cloudy,4,No,Green,Weekend,High,462,53,Congested,Urban Road
Haryana,11-01-2025,22.30,Rohtak,Auto,T-Junction,No,Fog,6,Yes,Amber,Weekend,Low,318,44,Normal,Rural Road
Haryana,11-01-2025,22.45,Ambala,Two-Wheeler,Roundabout,No,Sunny,5,No,Green,Weekend,Medium,559,49,Normal,Rural Road
Haryana,11-01-2025,23.00,Gurugram,Bus,Crossroad,No,Rain,4,No,Green,Weekend,High,475,54,Congested,Urban Road
Haryana,11-01-2025,23.15,Yamunanagar,Two-Wheeler,Crossroad,No,Rain,5,Yes,Amber,Weekend,Medium,100,21,Congested,Urban Road
Haryana,11-01-2025,23.30,Hisar,Car,Crossroad,No,Sunny,4,Yes,Red,Weekend,High,216,22,Congested,Urban Road
Haryana,11-01-2025,23.45,Hisar,Truck,Crossroad,No,Rain,4,No,Red,Weekend,Medium,452,43,Congested,Highway
Haryana,12-01-2025,0.00,Gurugram,Two-Wheeler,Roundabout,No,Fog,3,No,Red,Weekend,Low,116,39,Normal,Urban Road
Haryana,12-01-2025,0.15,Yamunanagar,Two-Wheeler,Crossroad,No,Clear,2,Yes,Amber,Weekend,Medium,595,61,Congested,Highway
Haryana,12-01-2025,0.30,Sonipat,Auto,Roundabout,No,Cloudy,2,Yes,Amber,Weekend,High,345,35,Congested,Highway
Haryana,12-01-2025,0.45,Hisar,Bus,Crossroad,No,Clear,6,Yes,Amber,Weekend,Medium,555,60,Accident,Highway
Haryana,12-01-2025,1.00,Faridabad,Auto,T-Junction,No,Clear,6,Yes,Amber,Weekend,Medium,204,57,Normal,Urban Road
Haryana,12-01-2025,1.15,Ambala,Truck,T-Junction,No,Sunny,4,Yes,Amber,Weekend,High,453,63,Normal,Urban Road
Haryana,12-01-2025,1.30,Yamunanagar,Truck,Crossroad,No,Fog,4,No,Green,Weekend,Severe,492,25,Accident,Highway
Haryana,12-01-2025,1.45,Sonipat,Truck,T-Junction,No,Sunny,4,Yes,Green,Weekend,Severe,121,62,Accident,Highway
Haryana,12-01-2025,2.00,Sonipat,Bus,Roundabout,No,Cloudy,6,Yes,Green,Weekend,High,430,38,Accident,Urban Road
Haryana,12-01-2025,2.15,Panipat,Truck,T-Junction,No,Cloudy,6,Yes,Amber,Weekend,Medium,319,25,Normal,Urban Road
Haryana,12-01-2025,2.30,Rohtak,Two-Wheeler,Crossroad,No,Sunny,5,Yes,Red,Weekend,Severe,527,32,Accident,Rural Road
Haryana,12-01-2025,2.45,Hisar,Car,T-Junction,No,Sunny,5,No,Green,Weekend,Medium,410,57,Normal,Highway
Haryana,12-01-2025,3.00,Ambala,Auto,T-Junction,No,Clear,6,Yes,Red,Weekend,Low,431,27,Congested,Urban Road
Haryana,12-01-2025,3.15,Karnal,Truck,T-Junction,No,Sunny,3,Yes,Green,Weekend,High,357,30,Congested,Urban Road
Haryana,12-01-2025,3.30,Faridabad,Car,T-Junction,No,Sunny,3,Yes,Red,Weekend,High,135,49,Accident,Rural Road
Haryana,12-01-2025,3.45,Kurukshetra,Bus,Crossroad,No,Cloudy,5,Yes,Green,Weekend,Severe,184,62,Congested,Urban Road
Haryana,12-01-2025,4.00,Sonipat,Bus,Roundabout,No,Sunny,3,Yes,Green,Weekend,Medium,569,42,Congested,Rural Road
Haryana,12-01-2025,4.15,Kurukshetra,Car,Crossroad,No,Sunny,3,No,Amber,Weekend,Low,151,62,Accident,Urban Road
Haryana,12-01-2025,4.30,Yamunanagar,Truck,Roundabout,No,Fog,2,No,Green,Weekend,High,410,41,Normal,Highway
Haryana,12-01-2025,4.45,Faridabad,Car,Crossroad,No,Clear,3,No,Amber,Weekend,Low,314,20,Normal,Highway
Haryana,12-01-2025,5.00,Faridabad,Auto,Crossroad,No,Rain,4,No,Green,Weekend,Low,328,23,Congested,Urban Road
Haryana,12-01-2025,5.15,Panipat,Two-Wheeler,Roundabout,No,Cloudy,3,Yes,Green,Weekend,Medium,336,65,Normal,Rural Road
Haryana,12-01-2025,5.30,Ambala,Auto,Roundabout,No,Fog,4,Yes,Amber,Weekend,Low,426,20,Congested,Urban Road
Haryana,12-01-2025,5.45,Faridabad,Truck,Crossroad,No,Clear,6,Yes,Amber,Weekend,Low,227,24,Congested,Urban Road
Haryana,12-01-2025,6.00,Yamunanagar,Auto,Crossroad,No,Clear,6,Yes,Red,Weekend,High,523,34,Normal,Urban Road
Haryana,12-01-2025,6.15,Rohtak,Auto,Crossroad,No,Clear,6,No,Amber,Weekend,Medium,394,51,Normal,Rural Road
Haryana,12-01-2025,6.30,Karnal,Truck,T-Junction,No,Clear,4,Yes,Red,Weekend,High,95,26,Normal,Rural Road
Haryana,12-01-2025,6.45,Rohtak,Auto,T-Junction,No,Cloudy,2,No,Green,Weekend,High,490,59,Congested,Rural Road
Haryana,12-01-2025,7.00,Yamunanagar,Truck,T-Junction,No,Rain,6,Yes,Red,Weekend,High,177,60,Accident,Urban Road
Haryana,12-01-2025,7.15,Rohtak,Car,Roundabout,No,Clear,6,Yes,Red,Weekend,High,557,64,Congested,Urban Road
Haryana,12-01-2025,7.30,Gurugram,Truck,Crossroad,No,Clear,5,Yes,Green,Weekend,High,597,32,Congested,Rural Road
Haryana,12-01-2025,7.45,Karnal,Two-Wheeler,T-Junction,No,Fog,6,Yes,Green,Weekend,Low,440,27,Accident,Urban Road
Haryana,12-01-2025,8.00,Faridabad,Bus,Roundabout,Yes,Cloudy,3,Yes,Green,Weekend,High,326,31,Normal,Urban Road
Haryana,12-01-2025,8.15,Yamunanagar,Bus,Crossroad,Yes,Cloudy,3,Yes,Amber,Weekend,High,357,25,Congested,Urban Road
Haryana,12-01-2025,8.30,Hisar,Car,Crossroad,Yes,Clear,4,No,Green,Weekend,High,536,46,Normal,Rural Road
Haryana,12-01-2025,8.45,Karnal,Car,T-Junction,Yes,Cloudy,3,Yes,Green,Weekend,Low,147,58,Normal,Urban Road
Haryana,12-01-2025,9.00,Ambala,Auto,Roundabout,Yes,Clear,4,No,Red,Weekend,Medium,489,37,Accident,Rural Road
Haryana,12-01-2025,9.15,Ambala,Bus,T-Junction,Yes,Fog,6,No,Amber,Weekend,Low,240,36,Accident,Urban Road
Haryana,12-01-2025,9.30,Kurukshetra,Car,Roundabout,Yes,Cloudy,2,No,Red,Weekend,Low,173,37,Accident,Highway
Haryana,12-01-2025,9.45,Panipat,Two-Wheeler,Roundabout,Yes,Clear,5,Yes,Amber,Weekend,Medium,567,23,Congested,Urban Road
Haryana,12-01-2025,10.00,Gurugram,Truck,Crossroad,No,Fog,2,Yes,Amber,Weekend,Severe,370,45,Normal,Urban Road
Haryana,12-01-2025,10.15,Rohtak,Truck,Roundabout,No,Rain,3,Yes,Red,Weekend,Severe,425,36,Normal,Rural Road
Haryana,12-01-2025,10.30,Hisar,Car,T-Junction,No,Sunny,4,No,Red,Weekend,High,191,65,Normal,Rural Road
Haryana,12-01-2025,10.45,Kurukshetra,Truck,Roundabout,No,Fog,4,Yes,Red,Weekend,High,126,46,Accident,Rural Road
Haryana,12-01-2025,11.00,Faridabad,Car,Crossroad,No,Clear,5,Yes,Red,Weekend,Low,58,44,Congested,Highway
Haryana,12-01-2025,11.15,Karnal,Two-Wheeler,T-Junction,No,Fog,6,Yes,Green,Weekend,High,574,62,Congested,Urban Road
Haryana,12-01-2025,11.30,Faridabad,Two-Wheeler,T-Junction,No,Cloudy,5,Yes,Amber,Weekend,Severe,229,43,Accident,Urban Road
Haryana,12-01-2025,11.45,Karnal,Auto,T-Junction,No,Sunny,2,No,Red,Weekend,Medium,583,45,Accident,Urban Road
Haryana,12-01-2025,12.00,Kurukshetra,Two-Wheeler,T-Junction,No,Rain,6,Yes,Green,Weekend,Low,344,38,Normal,Rural Road
Haryana,12-01-2025,12.15,Faridabad,Truck,T-Junction,No,Cloudy,5,Yes,Amber,Weekend,High,282,56,Congested,Rural Road
Haryana,12-01-2025,12.30,Hisar,Bus,T-Junction,No,Sunny,6,No,Green,Weekend,Severe,446,41,Accident,Rural Road
Haryana,12-01-2025,12.45,Gurugram,Truck,Roundabout,No,Cloudy,3,No,Red,Weekend,Severe,134,35,Accident,Highway
Haryana,12-01-2025,13.00,Rohtak,Two-Wheeler,Crossroad,No,Clear,5,No,Amber,Weekend,High,568,41,Normal,Highway
Haryana,12-01-2025,13.15,Panipat,Two-Wheeler,T-Junction,No,Sunny,6,Yes,Red,Weekend,Medium,126,40,Accident,Highway
Haryana,12-01-2025,13.30,Panipat,Truck,T-Junction,No,Rain,6,No,Red,Weekend,Low,90,58,Accident,Highway
Haryana,12-01-2025,13.45,Karnal,Two-Wheeler,T-Junction,No,Fog,6,No,Red,Weekend,Medium,262,54,Normal,Rural Road
Haryana,12-01-2025,14.00,Kurukshetra,Two-Wheeler,T-Junction,No,Clear,2,Yes,Green,Weekend,Low,436,70,Congested,Rural Road
Haryana,12-01-2025,14.15,Faridabad,Two-Wheeler,T-Junction,No,Fog,3,No,Amber,Weekend,Low,545,30,Accident,Rural Road
Haryana,12-01-2025,14.30,Hisar,Bus,Crossroad,No,Rain,2,Yes,Amber,Weekend,Severe,389,32,Normal,Rural Road
Haryana,12-01-2025,14.45,Kurukshetra,Two-Wheeler,Roundabout,No,Fog,3,No,Green,Weekend,Medium,66,30,Normal,Rural Road
Haryana,12-01-2025,15.00,Ambala,Two-Wheeler,Crossroad,No,Rain,3,Yes,Green,Weekend,High,170,21,Congested,Rural Road
Haryana,12-01-2025,15.15,Yamunanagar,Car,T-Junction,No,Fog,5,No,Red,Weekend,Low,120,51,Accident,Urban Road
Haryana,12-01-2025,15.30,Panipat,Bus,T-Junction,No,Rain,2,No,Amber,Weekend,High,238,22,Normal,Urban Road
Haryana,12-01-2025,15.45,Rohtak,Auto,T-Junction,No,Rain,3,Yes,Amber,Weekend,Low,246,47,Congested,Highway
Haryana,12-01-2025,16.00,Ambala,Bus,Roundabout,No,Sunny,6,No,Amber,Weekend,High,497,34,Normal,Highway
Haryana,12-01-2025,16.15,Ambala,Two-Wheeler,Crossroad,No,Rain,2,Yes,Green,Weekend,High,431,70,Accident,Urban Road
Haryana,12-01-2025,16.30,Kurukshetra,Car,Roundabout,No,Clear,5,No,Red,Weekend,Severe,499,52,Accident,Rural Road
Haryana,12-01-2025,16.45,Faridabad,Two-Wheeler,Roundabout,No,Clear,3,Yes,Green,Weekend,Severe,75,40,Accident,Urban Road
Haryana,12-01-2025,17.00,Ambala,Auto,Roundabout,Yes,Rain,2,Yes,Amber,Weekend,Medium,414,32,Accident,Highway
Haryana,12-01-2025,17.15,Yamunanagar,Bus,Roundabout,Yes,Clear,2,No,Amber,Weekend,High,380,47,Congested,Highway
Haryana,12-01-2025,17.30,Ambala,Two-Wheeler,T-Junction,Yes,Sunny,2,No,Green,Weekend,High,509,26,Accident,Rural Road
Haryana,12-01-2025,17.45,Kurukshetra,Truck,Crossroad,Yes,Sunny,3,Yes,Red,Weekend,High,50,60,Congested,Urban Road
Haryana,12-01-2025,18.00,Gurugram,Auto,Crossroad,Yes,Fog,2,No,Red,Weekend,Medium,483,58,Congested,Rural Road
Haryana,12-01-2025,18.15,Karnal,Truck,Crossroad,Yes,Cloudy,3,No,Amber,Weekend,Low,474,45,Normal,Urban Road
Haryana,12-01-2025,18.30,Ambala,Two-Wheeler,Crossroad,Yes,Sunny,6,No,Amber,Weekend,Medium,489,27,Congested,Highway
Haryana,12-01-2025,18.45,Faridabad,Bus,Roundabout,Yes,Cloudy,2,Yes,Green,Weekend,Severe,246,67,Normal,Urban Road
Haryana,12-01-2025,19.00,Rohtak,Auto,Roundabout,No,Clear,5,No,Amber,Weekend,Medium,391,42,Normal,Urban Road
Haryana,12-01-2025,19.15,Hisar,Two-Wheeler,T-Junction,No,Rain,5,Yes,Red,Weekend,High,146,43,Congested,Highway
Haryana,12-01-2025,19.30,Hisar,Car,Crossroad,No,Rain,2,Yes,Amber,Weekend,Medium,535,58,Normal,Highway
Haryana,12-01-2025,19.45,Karnal,Auto,Roundabout,No,Sunny,4,No,Red,Weekend,High,552,62,Normal,Rural Road
Haryana,12-01-2025,20.00,Panipat,Auto,Crossroad,No,Clear,5,Yes,Green,Weekend,Severe,125,48,Accident,Rural Road
Haryana,12-01-2025,20.15,Rohtak,Two-Wheeler,Crossroad,No,Sunny,5,Yes,Amber,Weekend,High,429,64,Normal,Urban Road
Haryana,12-01-2025,20.30,Panipat,Car,T-Junction,No,Cloudy,2,No,Amber,Weekend,Medium,559,51,Congested,Rural Road
Haryana,12-01-2025,20.45,Karnal,Car,T-Junction,No,Fog,6,Yes,Amber,Weekend,High,331,27,Congested,Rural Road
Haryana,12-01-2025,21.00,Karnal,Truck,Crossroad,No,Fog,3,Yes,Green,Weekend,High,121,55,Congested,Rural Road
Haryana,12-01-2025,21.15,Hisar,Car,Roundabout,No,Sunny,6,No,Red,Weekend,Severe,437,25,Congested,Rural Road
Haryana,12-01-2025,21.30,Faridabad,Auto,T-Junction,No,Cloudy,2,No,Green,Weekend,High,580,69,Normal,Urban Road
Haryana,12-01-2025,21.45,Karnal,Auto,T-Junction,No,Cloudy,2,No,Red,Weekend,Low,321,53,Congested,Rural Road
Haryana,12-01-2025,22.00,Panipat,Car,Roundabout,No,Clear,3,Yes,Amber,Weekend,Severe,489,43,Congested,Highway
Haryana,12-01-2025,22.15,Hisar,Car,Crossroad,No,Clear,6,Yes,Green,Weekend,High,450,70,Congested,Rural Road
Haryana,12-01-2025,22.30,Rohtak,Bus,Roundabout,No,Rain,3,No,Green,Weekend,Medium,586,68,Normal,Urban Road
Haryana,12-01-2025,22.45,Yamunanagar,Car,Roundabout,No,Rain,3,No,Amber,Weekend,Low,149,66,Congested,Rural Road
Haryana,12-01-2025,23.00,Sonipat,Car,Crossroad,No,Sunny,6,Yes,Amber,Weekend,Medium,272,52,Congested,Rural Road
Haryana,12-01-2025,23.15,Yamunanagar,Bus,Crossroad,No,Cloudy,5,No,Amber,Weekend,Severe,463,49,Congested,Urban Road
Haryana,12-01-2025,23.30,Hisar,Car,Crossroad,No,Cloudy,5,Yes,Amber,Weekend,Severe,259,40,Congested,Rural Road
Haryana,12-01-2025,23.45,Ambala,Two-Wheeler,T-Junction,No,Fog,2,No,Amber,Weekend,High,585,24,Normal,Rural Road
Haryana,13-01-2025,0.00,Karnal,Car,Roundabout,No,Sunny,3,No,Green,Weekday,Medium,311,59,Normal,Rural Road
Haryana,13-01-2025,0.15,Panipat,Truck,Roundabout,No,Clear,4,Yes,Green,Weekday,Severe,464,43,Normal,Highway
Haryana,13-01-2025,0.30,Rohtak,Auto,T-Junction,No,Fog,6,Yes,Red,Weekday,Severe,185,53,Congested,Rural Road
Haryana,13-01-2025,0.45,Faridabad,Bus,Crossroad,No,Sunny,5,No,Green,Weekday,High,338,20,Congested,Urban Road
Haryana,13-01-2025,1.00,Rohtak,Auto,T-Junction,No,Fog,4,No,Red,Weekday,Medium,583,61,Accident,Urban Road
Haryana,13-01-2025,1.15,Faridabad,Truck,Roundabout,No,Rain,5,No,Red,Weekday,Low,366,58,Normal,Rural Road
Haryana,13-01-2025,1.30,Hisar,Car,Crossroad,No,Sunny,4,No,Green,Weekday,Medium,83,20,Congested,Highway
Haryana,13-01-2025,1.45,Yamunanagar,Car,T-Junction,No,Fog,6,No,Green,Weekday,High,393,38,Accident,Highway
Haryana,13-01-2025,2.00,Panipat,Car,Crossroad,No,Rain,5,Yes,Green,Weekday,Medium,518,70,Accident,Rural Road
Haryana,13-01-2025,2.15,Kurukshetra,Car,Roundabout,No,Rain,4,No,Red,Weekday,High,379,38,Normal,Highway
Haryana,13-01-2025,2.30,Gurugram,Truck,Crossroad,No,Rain,6,No,Green,Weekday,High,563,21,Normal,Rural Road
Haryana,13-01-2025,2.45,Faridabad,Auto,T-Junction,No,Rain,4,No,Amber,Weekday,Medium,592,44,Congested,Urban Road
Haryana,13-01-2025,3.00,Gurugram,Bus,Crossroad,No,Clear,4,No,Red,Weekday,Severe,541,66,Congested,Highway
Haryana,13-01-2025,3.15,Faridabad,Car,Roundabout,No,Sunny,4,Yes,Amber,Weekday,Severe,212,49,Normal,Rural Road
Haryana,13-01-2025,3.30,Kurukshetra,Auto,Roundabout,No,Sunny,2,Yes,Amber,Weekday,Low,541,69,Accident,Highway
Haryana,13-01-2025,3.45,Panipat,Truck,T-Junction,No,Clear,2,No,Amber,Weekday,Low,465,62,Congested,Urban Road
Haryana,13-01-2025,4.00,Sonipat,Car,Roundabout,No,Sunny,5,No,Red,Weekday,High,536,23,Normal,Highway
Haryana,13-01-2025,4.15,Panipat,Bus,T-Junction,No,Rain,6,Yes,Red,Weekday,Medium,264,58,Accident,Rural Road
Haryana,13-01-2025,4.30,Hisar,Two-Wheeler,Roundabout,No,Cloudy,3,Yes,Green,Weekday,Severe,259,26,Congested,Rural Road
Haryana,13-01-2025,4.45,Ambala,Auto,Roundabout,No,Sunny,3,No,Green,Weekday,High,575,70,Congested,Urban Road
Haryana,13-01-2025,5.00,Kurukshetra,Auto,Crossroad,No,Rain,6,Yes,Amber,Weekday,Severe,451,55,Normal,Rural Road
Haryana,13-01-2025,5.15,Karnal,Two-Wheeler,Crossroad,No,Fog,3,Yes,Green,Weekday,Severe,416,48,Normal,Urban Road
Haryana,13-01-2025,5.30,Kurukshetra,Bus,Roundabout,No,Fog,4,Yes,Green,Weekday,Low,516,25,Congested,Highway
Haryana,13-01-2025,5.45,Yamunanagar,Car,Crossroad,No,Cloudy,3,Yes,Green,Weekday,High,65,35,Normal,Highway
Haryana,13-01-2025,6.00,Rohtak,Two-Wheeler,Roundabout,No,Fog,5,No,Green,Weekday,Medium,343,67,Accident,Highway
Haryana,13-01-2025,6.15,Kurukshetra,Auto,Crossroad,No,Sunny,4,Yes,Amber,Weekday,Low,104,64,Normal,Rural Road
Haryana,13-01-2025,6.30,Karnal,Auto,Crossroad,No,Clear,4,Yes,Red,Weekday,High,525,58,Normal,Highway
Haryana,13-01-2025,6.45,Rohtak,Two-Wheeler,Roundabout,No,Rain,2,Yes,Red,Weekday,Low,380,49,Congested,Rural Road
Haryana,13-01-2025,7.00,Kurukshetra,Truck,Roundabout,No,Rain,6,No,Green,Weekday,Severe,336,24,Normal,Rural Road
Haryana,13-01-2025,7.15,Rohtak,Two-Wheeler,T-Junction,No,Cloudy,6,Yes,Red,Weekday,Low,142,70,Congested,Urban Road
Haryana,13-01-2025,7.30,Panipat,Two-Wheeler,Roundabout,No,Rain,3,No,Amber,Weekday,Medium,63,43,Accident,Urban Road
Haryana,13-01-2025,7.45,Ambala,Bus,Crossroad,No,Fog,5,No,Red,Weekday,Low,66,52,Accident,Highway
Haryana,13-01-2025,8.00,Hisar,Truck,Crossroad,Yes,Clear,4,No,Amber,Weekday,High,491,55,Normal,Highway
Haryana,13-01-2025,8.15,Karnal,Truck,Crossroad,Yes,Clear,2,No,Amber,Weekday,Severe,373,61,Normal,Highway
Haryana,13-01-2025,8.30,Sonipat,Two-Wheeler,T-Junction,Yes,Cloudy,6,No,Red,Weekday,High,600,35,Congested,Rural Road
Haryana,13-01-2025,8.45,Yamunanagar,Auto,T-Junction,Yes,Cloudy,4,No,Amber,Weekday,High,53,25,Normal,Rural Road
Haryana,13-01-2025,9.00,Sonipat,Truck,T-Junction,Yes,Rain,3,No,Red,Weekday,Severe,309,36,Accident,Urban Road
Haryana,13-01-2025,9.15,Karnal,Truck,Roundabout,Yes,Cloudy,4,Yes,Amber,Weekday,Low,358,54,Congested,Urban Road
Haryana,13-01-2025,9.30,Kurukshetra,Two-Wheeler,Roundabout,Yes,Sunny,5,Yes,Amber,Weekday,Medium,163,25,Accident,Highway
Haryana,13-01-2025,9.45,Sonipat,Car,Crossroad,Yes,Clear,3,No,Amber,Weekday,High,451,24,Normal,Rural Road
Haryana,13-01-2025,10.00,Rohtak,Bus,Crossroad,No,Sunny,3,Yes,Red,Weekday,Severe,575,27,Congested,Urban Road
Haryana,13-01-2025,10.15,Ambala,Two-Wheeler,Roundabout,No,Cloudy,3,Yes,Green,Weekday,High,67,68,Congested,Rural Road
Haryana,13-01-2025,10.30,Gurugram,Auto,T-Junction,No,Cloudy,2,No,Green,Weekday,Low,501,28,Accident,Urban Road
Haryana,13-01-2025,10.45,Faridabad,Bus,Crossroad,No,Rain,6,Yes,Green,Weekday,Medium,321,45,Normal,Urban Road
Haryana,13-01-2025,11.00,Gurugram,Truck,T-Junction,No,Clear,6,Yes,Amber,Weekday,High,110,22,Accident,Urban Road
Haryana,13-01-2025,11.15,Karnal,Truck,Roundabout,No,Clear,3,Yes,Green,Weekday,Medium,58,26,Normal,Rural Road
Haryana,13-01-2025,11.30,Hisar,Bus,T-Junction,No,Sunny,2,Yes,Red,Weekday,Severe,75,23,Normal,Highway
Haryana,13-01-2025,11.45,Panipat,Car,Roundabout,No,Cloudy,6,Yes,Red,Weekday,Medium,435,48,Normal,Urban Road
Haryana,13-01-2025,12.00,Gurugram,Bus,Crossroad,No,Cloudy,4,Yes,Green,Weekday,High,369,40,Congested,Urban Road
Haryana,13-01-2025,12.15,Hisar,Two-Wheeler,Crossroad,No,Clear,6,Yes,Amber,Weekday,Medium,87,22,Normal,Urban Road
Haryana,13-01-2025,12.30,Karnal,Two-Wheeler,Roundabout,No,Cloudy,2,No,Amber,Weekday,Medium,583,60,Accident,Urban Road
Haryana,13-01-2025,12.45,Rohtak,Two-Wheeler,Roundabout,No,Rain,4,Yes,Red,Weekday,High,323,59,Normal,Rural Road
Haryana,13-01-2025,13.00,Karnal,Car,Roundabout,No,Rain,4,No,Green,Weekday,Low,302,50,Normal,Rural Road
Haryana,13-01-2025,13.15,Karnal,Auto,Crossroad,No,Sunny,4,Yes,Amber,Weekday,Low,150,54,Congested,Rural Road
Haryana,13-01-2025,13.30,Sonipat,Truck,T-Junction,No,Sunny,3,Yes,Amber,Weekday,Severe,216,38,Accident,Highway
Haryana,13-01-2025,13.45,Sonipat,Two-Wheeler,Roundabout,No,Clear,2,Yes,Red,Weekday,High,135,68,Accident,Highway
Haryana,13-01-2025,14.00,Gurugram,Two-Wheeler,Roundabout,No,Sunny,6,Yes,Amber,Weekday,Medium,214,53,Congested,Urban Road
Haryana,13-01-2025,14.15,Kurukshetra,Bus,Roundabout,No,Cloudy,3,Yes,Red,Weekday,High,435,59,Congested,Highway
Haryana,13-01-2025,14.30,Yamunanagar,Two-Wheeler,Roundabout,No,Cloudy,6,Yes,Red,Weekday,Low,168,41,Congested,Highway
Haryana,13-01-2025,14.45,Panipat,Two-Wheeler,Roundabout,No,Cloudy,2,Yes,Amber,Weekday,Severe,359,48,Accident,Highway
Haryana,13-01-2025,15.00,Sonipat,Car,T-Junction,No,Rain,3,No,Amber,Weekday,Medium,434,66,Normal,Highway
Haryana,13-01-2025,15.15,Ambala,Truck,Roundabout,No,Cloudy,6,No,Green,Weekday,Severe,565,41,Accident,Urban Road
Haryana,13-01-2025,15.30,Gurugram,Two-Wheeler,Roundabout,No,Fog,4,Yes,Green,Weekday,Low,552,56,Accident,Highway
Haryana,13-01-2025,15.45,Gurugram,Auto,T-Junction,No,Sunny,6,No,Red,Weekday,Medium,75,37,Congested,Urban Road
Haryana,13-01-2025,16.00,Gurugram,Auto,Roundabout,No,Sunny,4,Yes,Green,Weekday,High,471,52,Congested,Urban Road
Haryana,13-01-2025,16.15,Sonipat,Two-Wheeler,T-Junction,No,Fog,2,No,Red,Weekday,Low,200,70,Normal,Rural Road
Haryana,13-01-2025,16.30,Faridabad,Two-Wheeler,Roundabout,No,Sunny,5,Yes,Red,Weekday,High,599,46,Accident,Highway
Haryana,13-01-2025,16.45,Gurugram,Truck,Crossroad,No,Cloudy,3,Yes,Amber,Weekday,Low,385,39,Congested,Urban Road
Haryana,13-01-2025,17.00,Sonipat,Auto,T-Junction,Yes,Rain,2,Yes,Amber,Weekday,Medium,131,38,Accident,Urban Road
Haryana,13-01-2025,17.15,Ambala,Truck,Crossroad,Yes,Clear,4,Yes,Green,Weekday,Medium,123,62,Normal,Highway
Haryana,13-01-2025,17.30,Rohtak,Two-Wheeler,Roundabout,Yes,Clear,3,No,Amber,Weekday,High,341,25,Accident,Highway
Haryana,13-01-2025,17.45,Faridabad,Car,Crossroad,Yes,Clear,3,Yes,Green,Weekday,High,424,55,Normal,Highway
Haryana,13-01-2025,18.00,Yamunanagar,Truck,T-Junction,Yes,Rain,2,No,Red,Weekday,Medium,222,53,Accident,Highway
Haryana,13-01-2025,18.15,Kurukshetra,Truck,T-Junction,Yes,Rain,4,No,Red,Weekday,Low,366,35,Normal,Urban Road
Haryana,13-01-2025,18.30,Sonipat,Truck,T-Junction,Yes,Cloudy,4,No,Green,Weekday,Low,157,38,Accident,Urban Road
Haryana,13-01-2025,18.45,Gurugram,Auto,T-Junction,Yes,Sunny,5,No,Green,Weekday,Medium,483,33,Congested,Urban Road
Haryana,13-01-2025,19.00,Yamunanagar,Bus,Roundabout,No,Clear,5,Yes,Green,Weekday,Low,323,45,Accident,Highway
Haryana,13-01-2025,19.15,Kurukshetra,Auto,Roundabout,No,Sunny,6,Yes,Amber,Weekday,Low,150,35,Normal,Rural Road
Haryana,13-01-2025,19.30,Faridabad,Truck,Crossroad,No,Clear,6,Yes,Red,Weekday,High,119,37,Normal,Rural Road
Haryana,13-01-2025,19.45,Panipat,Auto,Roundabout,No,Sunny,2,No,Amber,Weekday,High,330,38,Normal,Urban Road
Haryana,13-01-2025,20.00,Gurugram,Auto,Crossroad,No,Clear,2,No,Green,Weekday,Severe,595,27,Congested,Rural Road
Haryana,13-01-2025,20.15,Yamunanagar,Two-Wheeler,Crossroad,No,Cloudy,4,No,Amber,Weekday,Severe,596,67,Normal,Rural Road
Haryana,13-01-2025,20.30,Yamunanagar,Car,Crossroad,No,Sunny,3,Yes,Green,Weekday,Medium,423,59,Accident,Rural Road
Haryana,13-01-2025,20.45,Kurukshetra,Car,T-Junction,No,Rain,5,Yes,Red,Weekday,Low,598,43,Accident,Highway
Haryana,13-01-2025,21.00,Ambala,Truck,Crossroad,No,Cloudy,4,No,Red,Weekday,Medium,583,54,Normal,Highway
Haryana,13-01-2025,21.15,Karnal,Two-Wheeler,T-Junction,No,Rain,4,Yes,Amber,Weekday,Medium,165,51,Congested,Rural Road
Haryana,13-01-2025,21.30,Sonipat,Car,T-Junction,No,Sunny,5,No,Green,Weekday,Severe,518,47,Congested,Urban Road
Haryana,13-01-2025,21.45,Yamunanagar,Truck,T-Junction,No,Cloudy,6,No,Amber,Weekday,Low,132,23,Normal,Urban Road
Haryana,13-01-2025,22.00,Gurugram,Bus,T-Junction,No,Fog,2,Yes,Green,Weekday,High,237,30,Normal,Rural Road
Haryana,13-01-2025,22.15,Rohtak,Bus,Crossroad,No,Rain,3,No,Green,Weekday,Severe,108,67,Accident,Urban Road
Haryana,13-01-2025,22.30,Gurugram,Car,Crossroad,No,Clear,3,Yes,Red,Weekday,Low,112,25,Congested,Rural Road
Haryana,13-01-2025,22.45,Gurugram,Bus,Crossroad,No,Cloudy,3,Yes,Green,Weekday,Medium,462,57,Congested,Rural Road
Haryana,13-01-2025,23.00,Hisar,Two-Wheeler,Roundabout,No,Clear,2,No,Red,Weekday,Severe,322,47,Normal,Highway
Haryana,13-01-2025,23.15,Panipat,Truck,T-Junction,No,Clear,3,No,Amber,Weekday,Low,427,53,Normal,Urban Road
Haryana,13-01-2025,23.30,Panipat,Bus,Crossroad,No,Rain,5,Yes,Amber,Weekday,Severe,64,37,Accident,Urban Road
Haryana,13-01-2025,23.45,Rohtak,Car,Roundabout,No,Cloudy,3,No,Green,Weekday,Medium,586,59,Normal,Urban Road
Haryana,14-01-2025,0.00,Karnal,Bus,Roundabout,No,Sunny,3,No,Amber,Weekday,Low,465,41,Congested,Rural Road
Haryana,14-01-2025,0.15,Sonipat,Bus,T-Junction,No,Fog,6,No,Amber,Weekday,Low,331,28,Normal,Urban Road
Haryana,14-01-2025,0.30,Gurugram,Two-Wheeler,T-Junction,No,Clear,2,No,Green,Weekday,Severe,95,32,Normal,Urban Road
Haryana,14-01-2025,0.45,Ambala,Auto,Roundabout,No,Fog,6,No,Red,Weekday,High,243,27,Congested,Rural Road
Haryana,14-01-2025,1.00,Gurugram,Two-Wheeler,Roundabout,No,Cloudy,5,No,Red,Weekday,Severe,100,64,Normal,Highway
Haryana,14-01-2025,1.15,Faridabad,Truck,Crossroad,No,Cloudy,2,No,Green,Weekday,Severe,466,62,Congested,Urban Road
Haryana,14-01-2025,1.30,Sonipat,Car,Roundabout,No,Sunny,6,No,Green,Weekday,High,137,23,Congested,Rural Road
Haryana,14-01-2025,1.45,Ambala,Car,T-Junction,No,Sunny,3,Yes,Red,Weekday,High,324,63,Normal,Rural Road
Haryana,14-01-2025,2.00,Kurukshetra,Auto,Roundabout,No,Rain,2,Yes,Green,Weekday,Low,501,47,Accident,Urban Road
Haryana,14-01-2025,2.15,Gurugram,Auto,Crossroad,No,Sunny,3,No,Red,Weekday,Medium,138,61,Normal,Urban Road
Haryana,14-01-2025,2.30,Sonipat,Car,Roundabout,No,Clear,4,No,Red,Weekday,Medium,577,62,Normal,Highway
Haryana,14-01-2025,2.45,Panipat,Truck,Roundabout,No,Cloudy,5,Yes,Green,Weekday,Low,133,27,Accident,Urban Road
Haryana,14-01-2025,3.00,Hisar,Bus,Crossroad,No,Sunny,4,No,Green,Weekday,High,82,51,Normal,Urban Road
Haryana,14-01-2025,3.15,Rohtak,Truck,T-Junction,No,Sunny,4,Yes,Amber,Weekday,Medium,94,47,Normal,Urban Road
Haryana,14-01-2025,3.30,Kurukshetra,Two-Wheeler,Roundabout,No,Cloudy,5,No,Green,Weekday,High,350,33,Normal,Highway
Haryana,14-01-2025,3.45,Gurugram,Truck,Roundabout,No,Clear,4,Yes,Green,Weekday,Severe,314,69,Accident,Rural Road
Haryana,14-01-2025,4.00,Faridabad,Two-Wheeler,Roundabout,No,Clear,3,Yes,Red,Weekday,Medium,462,61,Normal,Rural Road
Haryana,14-01-2025,4.15,Rohtak,Two-Wheeler,Roundabout,No,Clear,2,Yes,Red,Weekday,Low,392,36,Accident,Highway
Haryana,14-01-2025,4.30,Kurukshetra,Bus,Crossroad,No,Fog,6,No,Red,Weekday,Medium,369,63,Accident,Rural Road
Haryana,14-01-2025,4.45,Ambala,Truck,T-Junction,No,Cloudy,6,No,Green,Weekday,Severe,89,42,Accident,Rural Road
Haryana,14-01-2025,5.00,Ambala,Truck,Crossroad,No,Rain,5,Yes,Green,Weekday,High,101,52,Accident,Rural Road
Haryana,14-01-2025,5.15,Ambala,Truck,Crossroad,No,Clear,4,No,Red,Weekday,Low,343,67,Congested,Highway
Haryana,14-01-2025,5.30,Ambala,Truck,Crossroad,No,Clear,5,Yes,Green,Weekday,Severe,255,32,Congested,Highway
Haryana,14-01-2025,5.45,Hisar,Truck,T-Junction,No,Clear,6,Yes,Amber,Weekday,Severe,434,70,Congested,Highway
Haryana,14-01-2025,6.00,Karnal,Truck,T-Junction,No,Fog,4,Yes,Green,Weekday,Low,172,45,Congested,Rural Road
Haryana,14-01-2025,6.15,Yamunanagar,Bus,Roundabout,No,Sunny,6,Yes,Green,Weekday,Low,441,58,Accident,Urban Road
Haryana,14-01-2025,6.30,Faridabad,Truck,Crossroad,No,Sunny,2,No,Amber,Weekday,Medium,298,31,Accident,Urban Road
Haryana,14-01-2025,6.45,Hisar,Auto,Roundabout,No,Fog,2,Yes,Green,Weekday,Medium,362,31,Congested,Highway
Haryana,14-01-2025,7.00,Gurugram,Bus,Roundabout,No,Sunny,5,No,Green,Weekday,Severe,100,20,Accident,Urban Road
Haryana,14-01-2025,7.15,Panipat,Bus,Crossroad,No,Rain,3,No,Red,Weekday,Medium,239,44,Normal,Urban Road
Haryana,14-01-2025,7.30,Karnal,Auto,Roundabout,No,Fog,4,No,Green,Weekday,Severe,220,44,Normal,Highway
Haryana,14-01-2025,7.45,Yamunanagar,Bus,Roundabout,No,Sunny,4,No,Red,Weekday,High,587,28,Congested,Urban Road
Haryana,14-01-2025,8.00,Kurukshetra,Car,T-Junction,Yes,Clear,5,Yes,Green,Weekday,Low,194,21,Normal,Rural Road
Haryana,14-01-2025,8.15,Sonipat,Two-Wheeler,T-Junction,Yes,Fog,4,No,Amber,Weekday,Severe,102,34,Normal,Rural Road
Haryana,14-01-2025,8.30,Panipat,Two-Wheeler,Crossroad,Yes,Sunny,5,Yes,Green,Weekday,Medium,590,53,Congested,Rural Road
Haryana,14-01-2025,8.45,Ambala,Auto,T-Junction,Yes,Fog,5,Yes,Green,Weekday,Medium,478,43,Congested,Highway
Haryana,14-01-2025,9.00,Gurugram,Two-Wheeler,T-Junction,Yes,Cloudy,5,Yes,Amber,Weekday,Severe,288,42,Congested,Highway
Haryana,14-01-2025,9.15,Rohtak,Truck,Roundabout,Yes,Sunny,6,Yes,Red,Weekday,Medium,425,34,Normal,Rural Road
Haryana,14-01-2025,9.30,Faridabad,Truck,T-Junction,Yes,Rain,6,Yes,Red,Weekday,Low,106,22,Normal,Highway
Haryana,14-01-2025,9.45,Ambala,Truck,T-Junction,Yes,Sunny,6,No,Red,Weekday,Severe,413,31,Normal,Highway
Haryana,14-01-2025,10.00,Panipat,Truck,Crossroad,No,Sunny,2,No,Green,Weekday,High,247,69,Accident,Highway
Haryana,14-01-2025,10.15,Panipat,Bus,Roundabout,No,Sunny,4,No,Red,Weekday,Medium,497,41,Accident,Highway
Haryana,14-01-2025,10.30,Gurugram,Bus,T-Junction,No,Rain,4,No,Amber,Weekday,Low,302,41,Normal,Urban Road
Haryana,14-01-2025,10.45,Ambala,Two-Wheeler,Crossroad,No,Rain,4,No,Amber,Weekday,Medium,535,65,Normal,Highway
Haryana,14-01-2025,11.00,Panipat,Two-Wheeler,Crossroad,No,Clear,6,No,Amber,Weekday,High,148,43,Normal,Highway
Haryana,14-01-2025,11.15,Panipat,Two-Wheeler,Crossroad,No,Rain,6,No,Red,Weekday,Low,262,46,Accident,Rural Road
Haryana,14-01-2025,11.30,Rohtak,Auto,Crossroad,No,Cloudy,2,Yes,Green,Weekday,Medium,232,24,Accident,Rural Road
Haryana,14-01-2025,11.45,Kurukshetra,Bus,Crossroad,No,Rain,4,Yes,Red,Weekday,Severe,502,36,Congested,Highway
Haryana,14-01-2025,12.00,Yamunanagar,Two-Wheeler,Crossroad,No,Clear,5,No,Red,Weekday,Low,526,61,Normal,Rural Road
Haryana,14-01-2025,12.15,Sonipat,Two-Wheeler,Crossroad,No,Sunny,4,No,Red,Weekday,High,150,66,Accident,Urban Road
Haryana,14-01-2025,12.30,Karnal,Bus,Roundabout,No,Sunny,5,Yes,Red,Weekday,Medium,393,26,Accident,Urban Road
Haryana,14-01-2025,12.45,Gurugram,Car,T-Junction,No,Fog,5,Yes,Amber,Weekday,Medium,224,39,Normal,Rural Road
Haryana,14-01-2025,13.00,Hisar,Truck,Crossroad,No,Fog,3,No,Amber,Weekday,High,292,28,Accident,Highway
Haryana,14-01-2025,13.15,Yamunanagar,Truck,T-Junction,No,Rain,6,Yes,Red,Weekday,High,284,32,Congested,Rural Road
Haryana,14-01-2025,13.30,Kurukshetra,Two-Wheeler,Crossroad,No,Cloudy,4,Yes,Amber,Weekday,High,81,32,Congested,Urban Road
Haryana,14-01-2025,13.45,Gurugram,Car,Crossroad,No,Fog,5,No,Red,Weekday,High,591,28,Accident,Rural Road
Haryana,14-01-2025,14.00,Yamunanagar,Bus,Roundabout,No,Fog,2,No,Amber,Weekday,High,424,67,Congested,Rural Road
Haryana,14-01-2025,14.15,Karnal,Bus,Roundabout,No,Rain,6,No,Green,Weekday,Low,333,50,Congested,Urban Road
Haryana,14-01-2025,14.30,Kurukshetra,Truck,Crossroad,No,Cloudy,4,No,Amber,Weekday,Low,437,66,Normal,Rural Road
Haryana,14-01-2025,14.45,Faridabad,Truck,T-Junction,No,Cloudy,2,Yes,Red,Weekday,High,364,30,Congested,Highway
Haryana,14-01-2025,15.00,Rohtak,Car,T-Junction,No,Rain,2,No,Red,Weekday,Severe,57,42,Congested,Urban Road
Haryana,14-01-2025,15.15,Karnal,Auto,T-Junction,No,Sunny,6,Yes,Red,Weekday,Medium,135,21,Accident,Highway
Haryana,14-01-2025,15.30,Panipat,Bus,T-Junction,No,Clear,3,Yes,Red,Weekday,Severe,557,70,Congested,Rural Road
Haryana,14-01-2025,15.45,Gurugram,Bus,Crossroad,No,Cloudy,5,Yes,Red,Weekday,Severe,96,56,Normal,Highway
Haryana,14-01-2025,16.00,Sonipat,Bus,Roundabout,No,Clear,6,No,Green,Weekday,Severe,572,54,Normal,Rural Road
Haryana,14-01-2025,16.15,Rohtak,Auto,Roundabout,No,Clear,5,No,Amber,Weekday,Medium,511,22,Accident,Urban Road
Haryana,14-01-2025,16.30,Ambala,Two-Wheeler,Roundabout,No,Fog,2,No,Red,Weekday,Low,94,54,Accident,Urban Road
Haryana,14-01-2025,16.45,Yamunanagar,Two-Wheeler,Crossroad,No,Sunny,5,No,Amber,Weekday,Medium,520,35,Congested,Rural Road
Haryana,14-01-2025,17.00,Sonipat,Auto,T-Junction,Yes,Sunny,4,No,Amber,Weekday,Medium,332,64,Accident,Urban Road
Haryana,14-01-2025,17.15,Panipat,Truck,Crossroad,Yes,Clear,4,No,Red,Weekday,High,256,58,Normal,Rural Road
Haryana,14-01-2025,17.30,Yamunanagar,Car,T-Junction,Yes,Clear,6,Yes,Green,Weekday,High,156,65,Congested,Highway
Haryana,14-01-2025,17.45,Hisar,Auto,Roundabout,Yes,Rain,5,No,Red,Weekday,Low,533,28,Accident,Highway
Haryana,14-01-2025,18.00,Faridabad,Bus,T-Junction,Yes,Clear,2,Yes,Amber,Weekday,Medium,230,50,Normal,Rural Road
Haryana,14-01-2025,18.15,Rohtak,Truck,Roundabout,Yes,Rain,3,Yes,Amber,Weekday,Medium,130,69,Congested,Rural Road
Haryana,14-01-2025,18.30,Faridabad,Auto,T-Junction,Yes,Clear,3,Yes,Amber,Weekday,Medium,101,61,Congested,Urban Road
Haryana,14-01-2025,18.45,Yamunanagar,Car,T-Junction,Yes,Sunny,4,Yes,Green,Weekday,Medium,107,30,Accident,Rural Road
Haryana,14-01-2025,19.00,Sonipat,Car,T-Junction,No,Clear,4,No,Green,Weekday,Low,50,46,Normal,Urban Road
Haryana,14-01-2025,19.15,Kurukshetra,Car,Roundabout,No,Rain,5,Yes,Red,Weekday,High,104,54,Congested,Highway
Haryana,14-01-2025,19.30,Karnal,Bus,Roundabout,No,Clear,2,Yes,Amber,Weekday,Severe,132,40,Congested,Rural Road
Haryana,14-01-2025,19.45,Panipat,Auto,Roundabout,No,Rain,2,Yes,Green,Weekday,High,216,29,Accident,Urban Road
Haryana,14-01-2025,20.00,Panipat,Auto,Crossroad,No,Cloudy,6,Yes,Amber,Weekday,High,456,49,Normal,Rural Road
Haryana,14-01-2025,20.15,Rohtak,Bus,T-Junction,No,Sunny,4,No,Red,Weekday,Low,254,62,Normal,Urban Road
Haryana,14-01-2025,20.30,Rohtak,Truck,Crossroad,No,Fog,4,Yes,Red,Weekday,Severe,577,58,Normal,Urban Road
Haryana,14-01-2025,20.45,Yamunanagar,Two-Wheeler,T-Junction,No,Clear,6,Yes,Red,Weekday,Severe,363,56,Congested,Rural Road
Haryana,14-01-2025,21.00,Sonipat,Car,Crossroad,No,Fog,6,No,Red,Weekday,Low,75,58,Accident,Urban Road
Haryana,14-01-2025,21.15,Hisar,Auto,T-Junction,No,Sunny,4,Yes,Amber,Weekday,High,390,70,Congested,Rural Road
Haryana,14-01-2025,21.30,Sonipat,Truck,T-Junction,No,Rain,4,Yes,Red,Weekday,Severe,474,36,Accident,Rural Road
Haryana,14-01-2025,21.45,Panipat,Bus,Crossroad,No,Sunny,6,Yes,Red,Weekday,Low,569,46,Accident,Rural Road
Haryana,14-01-2025,22.00,Gurugram,Auto,Crossroad,No,Fog,5,Yes,Red,Weekday,Low,285,69,Accident,Rural Road
Haryana,14-01-2025,22.15,Sonipat,Two-Wheeler,Roundabout,No,Sunny,4,No,Red,Weekday,Low,306,68,Accident,Urban Road
Haryana,14-01-2025,22.30,Kurukshetra,Bus,Roundabout,No,Rain,4,Yes,Red,Weekday,Low,426,61,Congested,Rural Road
Haryana,14-01-2025,22.45,Yamunanagar,Bus,T-Junction,No,Cloudy,4,Yes,Red,Weekday,Low,98,42,Congested,Highway
Haryana,14-01-2025,23.00,Yamunanagar,Auto,Crossroad,No,Rain,3,Yes,Green,Weekday,Severe,477,25,Accident,Rural Road
Haryana,14-01-2025,23.15,Gurugram,Car,Crossroad,No,Fog,2,Yes,Green,Weekday,Medium,525,26,Accident,Urban Road
Haryana,14-01-2025,23.30,Sonipat,Two-Wheeler,Roundabout,No,Rain,3,No,Red,Weekday,Low,215,67,Congested,Highway
Haryana,14-01-2025,23.45,Sonipat,Truck,T-Junction,No,Sunny,5,Yes,Green,Weekday,Low,55,45,Congested,Highway
Haryana,15-01-2025,0.00,Karnal,Two-Wheeler,Crossroad,No,Cloudy,4,No,Amber,Weekday,Low,243,34,Accident,Urban Road
Haryana,15-01-2025,0.15,Hisar,Car,Crossroad,No,Sunny,3,Yes,Red,Weekday,High,174,47,Accident,Urban Road
Haryana,15-01-2025,0.30,Hisar,Truck,T-Junction,No,Fog,2,Yes,Red,Weekday,Medium,312,28,Congested,Urban Road
Haryana,15-01-2025,0.45,Ambala,Auto,Crossroad,No,Fog,4,No,Green,Weekday,Medium,500,63,Accident,Urban Road
Haryana,15-01-2025,1.00,Rohtak,Car,Crossroad,No,Cloudy,5,Yes,Amber,Weekday,Severe,271,51,Congested,Highway
Haryana,15-01-2025,1.15,Faridabad,Two-Wheeler,T-Junction,No,Fog,5,No,Amber,Weekday,Low,198,26,Congested,Rural Road
Haryana,15-01-2025,1.30,Ambala,Truck,Crossroad,No,Cloudy,5,No,Amber,Weekday,High,178,48,Congested,Rural Road
Haryana,15-01-2025,1.45,Yamunanagar,Two-Wheeler,Crossroad,No,Rain,2,Yes,Red,Weekday,Low,551,22,Normal,Rural Road
Haryana,15-01-2025,2.00,Panipat,Car,T-Junction,No,Rain,5,Yes,Green,Weekday,Medium,98,61,Normal,Highway
Haryana,15-01-2025,2.15,Ambala,Bus,T-Junction,No,Clear,2,No,Green,Weekday,High,242,68,Normal,Urban Road
Haryana,15-01-2025,2.30,Faridabad,Bus,Crossroad,No,Clear,5,Yes,Green,Weekday,Low,313,26,Accident,Urban Road
Haryana,15-01-2025,2.45,Sonipat,Truck,T-Junction,No,Rain,6,Yes,Red,Weekday,Medium,478,52,Normal,Highway
Haryana,15-01-2025,3.00,Rohtak,Two-Wheeler,Roundabout,No,Rain,4,No,Amber,Weekday,Severe,528,31,Accident,Urban Road
Haryana,15-01-2025,3.15,Rohtak,Truck,Roundabout,No,Fog,2,No,Red,Weekday,Severe,368,44,Normal,Urban Road
Haryana,15-01-2025,3.30,Faridabad,Bus,Roundabout,No,Rain,4,No,Red,Weekday,Severe,368,64,Congested,Urban Road
Haryana,15-01-2025,3.45,Rohtak,Bus,Crossroad,No,Fog,6,Yes,Red,Weekday,High,190,62,Accident,Rural Road
Haryana,15-01-2025,4.00,Panipat,Car,Roundabout,No,Sunny,6,No,Green,Weekday,Low,224,48,Accident,Highway
Haryana,15-01-2025,4.15,Karnal,Truck,Roundabout,No,Fog,2,No,Amber,Weekday,High,257,40,Accident,Urban Road
Haryana,15-01-2025,4.30,Yamunanagar,Auto,Crossroad,No,Fog,4,Yes,Green,Weekday,High,66,54,Normal,Rural Road
Haryana,15-01-2025,4.45,Yamunanagar,Bus,T-Junction,No,Rain,2,No,Red,Weekday,Medium,500,26,Accident,Rural Road
Haryana,15-01-2025,5.00,Hisar,Bus,Crossroad,No,Rain,5,Yes,Green,Weekday,Low,478,34,Normal,Rural Road
Haryana,15-01-2025,5.15,Rohtak,Auto,T-Junction,No,Clear,2,No,Green,Weekday,Low,369,57,Normal,Rural Road
Haryana,15-01-2025,5.30,Sonipat,Bus,Roundabout,No,Rain,6,Yes,Amber,Weekday,Medium,444,29,Normal,Rural Road
Haryana,15-01-2025,5.45,Karnal,Auto,Crossroad,No,Sunny,4,Yes,Red,Weekday,Low,597,42,Congested,Rural Road
Haryana,15-01-2025,6.00,Sonipat,Two-Wheeler,Crossroad,No,Rain,4,Yes,Red,Weekday,Severe,152,38,Accident,Urban Road
Haryana,15-01-2025,6.15,Faridabad,Car,Roundabout,No,Sunny,5,No,Amber,Weekday,Medium,567,59,Congested,Highway
Haryana,15-01-2025,6.30,Kurukshetra,Car,T-Junction,No,Sunny,2,Yes,Green,Weekday,Severe,498,34,Accident,Urban Road
Haryana,15-01-2025,6.45,Karnal,Car,Crossroad,No,Rain,3,No,Red,Weekday,Low,143,30,Accident,Rural Road
Haryana,15-01-2025,7.00,Panipat,Auto,T-Junction,No,Cloudy,3,Yes,Green,Weekday,Low,302,48,Congested,Highway
Haryana,15-01-2025,7.15,Sonipat,Bus,T-Junction,No,Fog,4,No,Red,Weekday,High,476,60,Congested,Urban Road
Haryana,15-01-2025,7.30,Karnal,Auto,T-Junction,No,Cloudy,3,Yes,Green,Weekday,High,88,60,Normal,Highway
Haryana,15-01-2025,7.45,Ambala,Car,Roundabout,No,Cloudy,2,No,Amber,Weekday,Low,55,27,Normal,Urban Road
Haryana,15-01-2025,8.00,Gurugram,Two-Wheeler,T-Junction,Yes,Fog,5,No,Amber,Weekday,Low,497,28,Congested,Rural Road
Haryana,15-01-2025,8.15,Faridabad,Truck,T-Junction,Yes,Fog,4,No,Red,Weekday,Medium,244,61,Congested,Rural Road
Haryana,15-01-2025,8.30,Hisar,Truck,Roundabout,Yes,Clear,5,No,Green,Weekday,High,225,28,Congested,Highway
Haryana,15-01-2025,8.45,Sonipat,Two-Wheeler,Crossroad,Yes,Rain,6,No,Green,Weekday,Severe,504,53,Congested,Highway
Haryana,15-01-2025,9.00,Gurugram,Car,Roundabout,Yes,Rain,4,No,Red,Weekday,Medium,333,51,Congested,Rural Road
Haryana,15-01-2025,9.15,Sonipat,Bus,Crossroad,Yes,Fog,5,Yes,Green,Weekday,Low,66,47,Normal,Urban Road
Haryana,15-01-2025,9.30,Kurukshetra,Two-Wheeler,Roundabout,Yes,Clear,5,No,Amber,Weekday,Severe,516,54,Normal,Rural Road
Haryana,15-01-2025,9.45,Faridabad,Bus,Crossroad,Yes,Sunny,3,Yes,Amber,Weekday,Severe,517,31,Accident,Highway
Haryana,15-01-2025,10.00,Rohtak,Truck,T-Junction,No,Sunny,2,No,Red,Weekday,Low,229,62,Accident,Highway
Haryana,15-01-2025,10.15,Ambala,Car,T-Junction,No,Fog,3,No,Amber,Weekday,High,227,58,Normal,Highway
Haryana,15-01-2025,10.30,Kurukshetra,Car,Roundabout,No,Fog,3,No,Green,Weekday,Low,401,47,Accident,Urban Road
Haryana,15-01-2025,10.45,Karnal,Car,Roundabout,No,Cloudy,2,No,Red,Weekday,Low,486,68,Accident,Urban Road
Haryana,15-01-2025,11.00,Kurukshetra,Truck,T-Junction,No,Clear,4,Yes,Green,Weekday,Medium,129,70,Congested,Urban Road
Haryana,15-01-2025,11.15,Panipat,Car,Roundabout,No,Sunny,4,No,Red,Weekday,High,497,41,Normal,Rural Road
Haryana,15-01-2025,11.30,Yamunanagar,Car,Roundabout,No,Fog,4,Yes,Amber,Weekday,Severe,146,66,Congested,Rural Road
Haryana,15-01-2025,11.45,Yamunanagar,Truck,T-Junction,No,Cloudy,4,Yes,Green,Weekday,Severe,225,62,Congested,Urban Road
Haryana,15-01-2025,12.00,Gurugram,Truck,Roundabout,No,Fog,2,Yes,Amber,Weekday,Medium,123,60,Congested,Highway
Haryana,15-01-2025,12.15,Faridabad,Car,Roundabout,No,Cloudy,6,No,Red,Weekday,High,599,46,Normal,Urban Road
Haryana,15-01-2025,12.30,Sonipat,Truck,Roundabout,No,Clear,3,Yes,Amber,Weekday,High,224,54,Accident,Highway
Haryana,15-01-2025,12.45,Rohtak,Auto,Crossroad,No,Rain,3,Yes,Amber,Weekday,High,134,23,Accident,Rural Road
Haryana,15-01-2025,13.00,Gurugram,Car,Crossroad,No,Rain,4,No,Amber,Weekday,Severe,413,64,Normal,Urban Road
Haryana,15-01-2025,13.15,Kurukshetra,Bus,Roundabout,No,Fog,2,No,Red,Weekday,Severe,521,44,Normal,Urban Road
Haryana,15-01-2025,13.30,Gurugram,Auto,Crossroad,No,Rain,2,Yes,Amber,Weekday,Low,311,51,Accident,Urban Road
Haryana,15-01-2025,13.45,Gurugram,Car,T-Junction,No,Cloudy,2,Yes,Amber,Weekday,Low,486,22,Congested,Rural Road
Haryana,15-01-2025,14.00,Panipat,Two-Wheeler,Crossroad,No,Fog,3,No,Amber,Weekday,Severe,377,66,Normal,Rural Road
Haryana,15-01-2025,14.15,Ambala,Bus,Roundabout,No,Rain,4,No,Red,Weekday,Low,85,49,Congested,Rural Road
Haryana,15-01-2025,14.30,Panipat,Auto,Roundabout,No,Clear,3,No,Amber,Weekday,High,298,45,Normal,Rural Road
Haryana,15-01-2025,14.45,Gurugram,Auto,Roundabout,No,Clear,5,No,Red,Weekday,Low,314,36,Congested,Rural Road
Haryana,15-01-2025,15.00,Panipat,Bus,Crossroad,No,Fog,3,Yes,Green,Weekday,High,533,57,Accident,Urban Road
Haryana,15-01-2025,15.15,Gurugram,Two-Wheeler,T-Junction,No,Clear,2,Yes,Red,Weekday,Medium,100,40,Congested,Highway
Haryana,15-01-2025,15.30,Panipat,Car,T-Junction,No,Cloudy,3,Yes,Green,Weekday,High,568,23,Congested,Urban Road
Haryana,15-01-2025,15.45,Ambala,Truck,T-Junction,No,Fog,5,Yes,Red,Weekday,Severe,280,50,Accident,Urban Road
Haryana,15-01-2025,16.00,Karnal,Bus,Roundabout,No,Sunny,3,No,Green,Weekday,Severe,229,45,Congested,Highway
Haryana,15-01-2025,16.15,Hisar,Two-Wheeler,T-Junction,No,Rain,6,Yes,Green,Weekday,Low,310,20,Accident,Urban Road
Haryana,15-01-2025,16.30,Faridabad,Bus,Roundabout,No,Clear,2,No,Amber,Weekday,Medium,109,39,Accident,Urban Road
Haryana,15-01-2025,16.45,Sonipat,Auto,Roundabout,No,Sunny,3,Yes,Green,Weekday,Low,535,30,Congested,Rural Road
Haryana,15-01-2025,17.00,Sonipat,Car,Roundabout,Yes,Cloudy,4,No,Green,Weekday,Medium,162,64,Accident,Rural Road
Haryana,15-01-2025,17.15,Sonipat,Bus,Roundabout,Yes,Fog,6,No,Amber,Weekday,High,493,68,Accident,Highway
Haryana,15-01-2025,17.30,Rohtak,Two-Wheeler,Roundabout,Yes,Clear,3,Yes,Red,Weekday,Severe,96,58,Congested,Rural Road
Haryana,15-01-2025,17.45,Kurukshetra,Auto,Crossroad,Yes,Cloudy,6,No,Amber,Weekday,High,376,20,Normal,Rural Road
Haryana,15-01-2025,18.00,Kurukshetra,Auto,Roundabout,Yes,Cloudy,3,Yes,Red,Weekday,Severe,431,34,Accident,Urban Road
Haryana,15-01-2025,18.15,Gurugram,Bus,T-Junction,Yes,Sunny,5,Yes,Amber,Weekday,Low,228,39,Accident,Urban Road
Haryana,15-01-2025,18.30,Gurugram,Bus,T-Junction,Yes,Clear,6,Yes,Amber,Weekday,Severe,175,61,Congested,Rural Road
Haryana,15-01-2025,18.45,Hisar,Car,Crossroad,Yes,Fog,6,Yes,Red,Weekday,High,427,46,Normal,Highway
Haryana,15-01-2025,19.00,Ambala,Auto,Roundabout,No,Cloudy,2,Yes,Red,Weekday,Low,70,43,Congested,Rural Road
Haryana,15-01-2025,19.15,Yamunanagar,Truck,Crossroad,No,Clear,6,No,Red,Weekday,Medium,599,35,Congested,Rural Road
Haryana,15-01-2025,19.30,Karnal,Two-Wheeler,Crossroad,No,Cloudy,3,Yes,Red,Weekday,Medium,182,27,Normal,Rural Road
Haryana,15-01-2025,19.45,Panipat,Bus,Roundabout,No,Sunny,6,No,Amber,Weekday,Severe,574,67,Accident,Rural Road
Haryana,15-01-2025,20.00,Kurukshetra,Bus,Roundabout,No,Clear,2,No,Amber,Weekday,Severe,497,51,Normal,Rural Road
Haryana,15-01-2025,20.15,Hisar,Auto,Roundabout,No,Rain,6,No,Green,Weekday,Severe,296,70,Accident,Highway
Haryana,15-01-2025,20.30,Ambala,Bus,T-Junction,No,Cloudy,6,No,Red,Weekday,Severe,495,32,Normal,Highway
Haryana,15-01-2025,20.45,Kurukshetra,Truck,Roundabout,No,Rain,5,Yes,Red,Weekday,Medium,480,48,Accident,Highway
Haryana,15-01-2025,21.00,Hisar,Auto,Crossroad,No,Clear,3,Yes,Red,Weekday,Medium,188,30,Congested,Rural Road
Haryana,15-01-2025,21.15,Panipat,Car,Crossroad,No,Fog,6,No,Red,Weekday,Low,541,62,Normal,Rural Road
Haryana,15-01-2025,21.30,Gurugram,Car,T-Junction,No,Rain,4,No,Green,Weekday,Medium,140,46,Congested,Rural Road
Haryana,15-01-2025,21.45,Karnal,Car,T-Junction,No,Rain,5,No,Amber,Weekday,Medium,295,33,Accident,Highway
Haryana,15-01-2025,22.00,Karnal,Auto,Crossroad,No,Cloudy,2,No,Red,Weekday,High,274,52,Normal,Urban Road
Haryana,15-01-2025,22.15,Kurukshetra,Bus,Roundabout,No,Rain,5,Yes,Amber,Weekday,Severe,109,54,Normal,Highway
Haryana,15-01-2025,22.30,Faridabad,Bus,T-Junction,No,Sunny,4,Yes,Green,Weekday,High,253,51,Congested,Highway
Haryana,15-01-2025,22.45,Yamunanagar,Truck,Crossroad,No,Cloudy,4,Yes,Green,Weekday,Low,215,68,Accident,Highway
Haryana,15-01-2025,23.00,Faridabad,Bus,Crossroad,No,Fog,4,No,Amber,Weekday,Severe,127,36,Accident,Rural Road
Haryana,15-01-2025,23.15,Kurukshetra,Truck,Roundabout,No,Cloudy,3,No,Red,Weekday,Severe,572,63,Accident,Urban Road
Haryana,15-01-2025,23.30,Ambala,Auto,Roundabout,No,Sunny,3,No,Amber,Weekday,High,535,34,Congested,Rural Road
Haryana,15-01-2025,23.45,Hisar,Truck,Roundabout,No,Rain,2,Yes,Green,Weekday,Medium,342,33,Congested,Highway
Haryana,16-01-2025,0.00,Sonipat,Auto,T-Junction,No,Rain,4,No,Amber,Weekday,Low,109,50,Congested,Rural Road
Haryana,16-01-2025,0.15,Gurugram,Bus,T-Junction,No,Cloudy,5,Yes,Amber,Weekday,Medium,278,32,Accident,Highway
Haryana,16-01-2025,0.30,Gurugram,Truck,Crossroad,No,Clear,4,No,Amber,Weekday,High,548,39,Congested,Highway
Haryana,16-01-2025,0.45,Hisar,Truck,Crossroad,No,Clear,3,No,Green,Weekday,High,437,25,Congested,Urban Road
Haryana,16-01-2025,1.00,Hisar,Two-Wheeler,T-Junction,No,Fog,2,Yes,Amber,Weekday,Low,307,22,Congested,Highway
Haryana,16-01-2025,1.15,Gurugram,Bus,Roundabout,No,Sunny,3,No,Amber,Weekday,Severe,175,37,Accident,Rural Road
Haryana,16-01-2025,1.30,Hisar,Two-Wheeler,Crossroad,No,Cloudy,3,Yes,Amber,Weekday,Medium,228,40,Accident,Rural Road
Haryana,16-01-2025,1.45,Yamunanagar,Auto,Roundabout,No,Cloudy,4,No,Amber,Weekday,Low,85,35,Accident,Rural Road
Haryana,16-01-2025,2.00,Ambala,Car,Crossroad,No,Cloudy,5,No,Red,Weekday,High,380,39,Accident,Urban Road
Haryana,16-01-2025,2.15,Karnal,Truck,Crossroad,No,Cloudy,4,Yes,Amber,Weekday,Low,587,59,Congested,Rural Road
Haryana,16-01-2025,2.30,Rohtak,Truck,Crossroad,No,Fog,4,No,Amber,Weekday,Low,588,64,Congested,Highway
Haryana,16-01-2025,2.45,Yamunanagar,Bus,Crossroad,No,Clear,4,No,Red,Weekday,High,149,35,Accident,Urban Road
Haryana,16-01-2025,3.00,Ambala,Car,Crossroad,No,Fog,2,No,Amber,Weekday,High,595,31,Congested,Rural Road
Haryana,16-01-2025,3.15,Gurugram,Car,Roundabout,No,Fog,4,No,Green,Weekday,Low,522,62,Accident,Urban Road
Haryana,16-01-2025,3.30,Karnal,Auto,Crossroad,No,Fog,5,No,Red,Weekday,Medium,331,59,Congested,Urban Road
Haryana,16-01-2025,3.45,Gurugram,Car,T-Junction,No,Clear,5,No,Amber,Weekday,Severe,583,68,Accident,Rural Road
Haryana,16-01-2025,4.00,Karnal,Car,T-Junction,No,Fog,3,No,Green,Weekday,Severe,134,53,Accident,Rural Road
Haryana,16-01-2025,4.15,Rohtak,Truck,T-Junction,No,Rain,2,No,Green,Weekday,Low,421,58,Normal,Rural Road
Haryana,16-01-2025,4.30,Gurugram,Truck,Crossroad,No,Fog,5,Yes,Amber,Weekday,Severe,239,61,Congested,Highway
Haryana,16-01-2025,4.45,Hisar,Auto,Crossroad,No,Sunny,3,No,Red,Weekday,High,64,22,Congested,Urban Road
Haryana,16-01-2025,5.00,Faridabad,Auto,T-Junction,No,Cloudy,3,Yes,Amber,Weekday,Medium,437,22,Normal,Rural Road
Haryana,16-01-2025,5.15,Karnal,Truck,T-Junction,No,Sunny,5,Yes,Amber,Weekday,Low,301,31,Accident,Rural Road
Haryana,16-01-2025,5.30,Yamunanagar,Bus,Crossroad,No,Rain,3,No,Red,Weekday,Medium,530,20,Congested,Urban Road
Haryana,16-01-2025,5.45,Rohtak,Truck,T-Junction,No,Fog,3,No,Red,Weekday,High,299,55,Normal,Urban Road
Haryana,16-01-2025,6.00,Rohtak,Auto,Roundabout,No,Cloudy,5,Yes,Red,Weekday,Medium,455,65,Normal,Highway
Haryana,16-01-2025,6.15,Faridabad,Two-Wheeler,Crossroad,No,Clear,5,No,Green,Weekday,Severe,334,38,Accident,Highway
Haryana,16-01-2025,6.30,Kurukshetra,Two-Wheeler,Roundabout,No,Sunny,3,Yes,Amber,Weekday,Low,268,31,Congested,Highway
Haryana,16-01-2025,6.45,Rohtak,Car,T-Junction,No,Sunny,4,No,Amber,Weekday,Severe,113,43,Accident,Rural Road
Haryana,16-01-2025,7.00,Sonipat,Auto,Crossroad,No,Rain,3,Yes,Amber,Weekday,Medium,133,22,Congested,Urban Road
Haryana,16-01-2025,7.15,Kurukshetra,Two-Wheeler,T-Junction,No,Sunny,3,No,Amber,Weekday,High,554,57,Congested,Rural Road
Haryana,16-01-2025,7.30,Yamunanagar,Two-Wheeler,Crossroad,No,Cloudy,2,Yes,Amber,Weekday,Severe,193,50,Normal,Urban Road
Haryana,16-01-2025,7.45,Sonipat,Bus,T-Junction,No,Fog,4,No,Amber,Weekday,Severe,369,39,Normal,Highway
Haryana,16-01-2025,8.00,Hisar,Two-Wheeler,Crossroad,Yes,Cloudy,6,No,Red,Weekday,High,501,32,Congested,Urban Road
Haryana,16-01-2025,8.15,Sonipat,Car,Roundabout,Yes,Rain,6,No,Green,Weekday,High,124,22,Normal,Urban Road
Haryana,16-01-2025,8.30,Karnal,Bus,Crossroad,Yes,Sunny,6,Yes,Amber,Weekday,Severe,86,37,Normal,Rural Road
Haryana,16-01-2025,8.45,Panipat,Bus,T-Junction,Yes,Clear,4,Yes,Amber,Weekday,Medium,129,28,Accident,Rural Road
Haryana,16-01-2025,9.00,Rohtak,Two-Wheeler,T-Junction,Yes,Rain,2,Yes,Amber,Weekday,High,296,29,Accident,Urban Road
Haryana,16-01-2025,9.15,Sonipat,Auto,Roundabout,Yes,Cloudy,3,Yes,Red,Weekday,Severe,422,20,Congested,Highway
Haryana,16-01-2025,9.30,Yamunanagar,Truck,Crossroad,Yes,Cloudy,6,Yes,Red,Weekday,Medium,57,70,Congested,Rural Road
Haryana,16-01-2025,9.45,Panipat,Auto,T-Junction,Yes,Sunny,4,Yes,Red,Weekday,Low,411,28,Accident,Urban Road
Haryana,16-01-2025,10.00,Rohtak,Auto,Roundabout,No,Sunny,4,No,Red,Weekday,Low,190,48,Accident,Rural Road
Haryana,16-01-2025,10.15,Panipat,Two-Wheeler,T-Junction,No,Rain,4,Yes,Amber,Weekday,Low,193,56,Accident,Rural Road
Haryana,16-01-2025,10.30,Hisar,Bus,Crossroad,No,Fog,5,No,Green,Weekday,High,127,55,Congested,Rural Road
Haryana,16-01-2025,10.45,Panipat,Truck,Roundabout,No,Fog,6,Yes,Green,Weekday,High,249,53,Congested,Rural Road
Haryana,16-01-2025,11.00,Karnal,Auto,T-Junction,No,Clear,2,No,Red,Weekday,Low,160,49,Accident,Rural Road
Haryana,16-01-2025,11.15,Yamunanagar,Car,T-Junction,No,Clear,3,Yes,Red,Weekday,High,449,61,Accident,Highway
Haryana,16-01-2025,11.30,Sonipat,Bus,Crossroad,No,Clear,3,Yes,Green,Weekday,Severe,85,49,Accident,Urban Road
Haryana,16-01-2025,11.45,Yamunanagar,Bus,Crossroad,No,Clear,3,Yes,Red,Weekday,Medium,196,21,Normal,Rural Road
Haryana,16-01-2025,12.00,Hisar,Two-Wheeler,T-Junction,No,Fog,4,Yes,Green,Weekday,Medium,84,40,Congested,Rural Road
Haryana,16-01-2025,12.15,Ambala,Bus,T-Junction,No,Sunny,5,No,Amber,Weekday,Medium,484,38,Normal,Rural Road
Haryana,16-01-2025,12.30,Gurugram,Two-Wheeler,Roundabout,No,Clear,4,Yes,Red,Weekday,Low,219,31,Accident,Highway
Haryana,16-01-2025,12.45,Kurukshetra,Car,Roundabout,No,Cloudy,6,Yes,Green,Weekday,High,503,51,Normal,Highway
Haryana,16-01-2025,13.00,Karnal,Bus,T-Junction,No,Fog,3,Yes,Amber,Weekday,High,75,25,Accident,Rural Road
Haryana,16-01-2025,13.15,Faridabad,Two-Wheeler,Roundabout,No,Clear,3,No,Amber,Weekday,High,92,65,Accident,Urban Road
Haryana,16-01-2025,13.30,Yamunanagar,Auto,T-Junction,No,Sunny,3,Yes,Red,Weekday,Low,544,26,Normal,Rural Road
Haryana,16-01-2025,13.45,Kurukshetra,Two-Wheeler,Roundabout,No,Sunny,6,No,Red,Weekday,Medium,557,63,Congested,Rural Road
Haryana,16-01-2025,14.00,Kurukshetra,Car,T-Junction,No,Rain,5,Yes,Red,Weekday,Medium,433,66,Congested,Highway
Haryana,16-01-2025,14.15,Sonipat,Car,Crossroad,No,Clear,2,Yes,Red,Weekday,Low,586,36,Accident,Rural Road
Haryana,16-01-2025,14.30,Ambala,Car,Roundabout,No,Clear,2,No,Green,Weekday,Severe,368,66,Congested,Urban Road
Haryana,16-01-2025,14.45,Faridabad,Auto,Crossroad,No,Clear,2,No,Amber,Weekday,High,489,56,Normal,Highway
Haryana,16-01-2025,15.00,Yamunanagar,Auto,Roundabout,No,Clear,2,No,Green,Weekday,Medium,523,58,Normal,Highway
Haryana,16-01-2025,15.15,Karnal,Auto,T-Junction,No,Clear,5,Yes,Amber,Weekday,Medium,357,39,Normal,Highway
Haryana,16-01-2025,15.30,Hisar,Two-Wheeler,Roundabout,No,Cloudy,5,Yes,Amber,Weekday,Low,450,31,Accident,Rural Road
Haryana,16-01-2025,15.45,Rohtak,Two-Wheeler,T-Junction,No,Rain,5,No,Red,Weekday,High,365,31,Normal,Urban Road
Haryana,16-01-2025,16.00,Panipat,Two-Wheeler,Roundabout,No,Cloudy,5,No,Amber,Weekday,Severe,115,60,Congested,Highway
Haryana,16-01-2025,16.15,Gurugram,Truck,Crossroad,No,Clear,5,No,Green,Weekday,High,207,42,Congested,Rural Road
Haryana,16-01-2025,16.30,Sonipat,Two-Wheeler,Roundabout,No,Clear,2,Yes,Red,Weekday,High,192,28,Accident,Urban Road
Haryana,16-01-2025,16.45,Gurugram,Bus,Roundabout,No,Sunny,6,No,Green,Weekday,High,111,57,Congested,Highway
Haryana,16-01-2025,17.00,Gurugram,Truck,T-Junction,Yes,Rain,2,No,Green,Weekday,Severe,390,65,Normal,Highway
Haryana,16-01-2025,17.15,Kurukshetra,Two-Wheeler,Crossroad,Yes,Rain,2,No,Green,Weekday,Medium,441,63,Congested,Urban Road
Haryana,16-01-2025,17.30,Kurukshetra,Bus,T-Junction,Yes,Rain,4,No,Green,Weekday,Low,173,56,Accident,Highway
Haryana,16-01-2025,17.45,Hisar,Two-Wheeler,T-Junction,Yes,Rain,5,Yes,Red,Weekday,High,403,60,Congested,Rural Road
Haryana,16-01-2025,18.00,Gurugram,Two-Wheeler,T-Junction,Yes,Fog,6,Yes,Amber,Weekday,Low,152,58,Congested,Urban Road
Haryana,16-01-2025,18.15,Hisar,Car,Crossroad,Yes,Clear,5,Yes,Amber,Weekday,Severe,62,35,Normal,Highway
Haryana,16-01-2025,18.30,Faridabad,Car,T-Junction,Yes,Clear,6,No,Red,Weekday,High,430,34,Normal,Highway
Haryana,16-01-2025,18.45,Yamunanagar,Truck,Crossroad,Yes,Clear,6,Yes,Amber,Weekday,Severe,210,23,Congested,Rural Road
Haryana,16-01-2025,19.00,Karnal,Truck,Crossroad,No,Cloudy,4,No,Amber,Weekday,High,592,24,Congested,Rural Road
Haryana,16-01-2025,19.15,Sonipat,Two-Wheeler,Crossroad,No,Clear,5,Yes,Red,Weekday,High,555,54,Normal,Highway
Haryana,16-01-2025,19.30,Rohtak,Auto,Roundabout,No,Fog,3,Yes,Red,Weekday,High,585,57,Normal,Urban Road
Haryana,16-01-2025,19.45,Rohtak,Two-Wheeler,Roundabout,No,Sunny,6,Yes,Green,Weekday,Medium,272,39,Congested,Highway
Haryana,16-01-2025,20.00,Yamunanagar,Two-Wheeler,Crossroad,No,Rain,2,Yes,Amber,Weekday,Severe,453,68,Normal,Rural Road
Haryana,16-01-2025,20.15,Rohtak,Two-Wheeler,T-Junction,No,Sunny,6,No,Green,Weekday,Severe,128,61,Normal,Urban Road
Haryana,16-01-2025,20.30,Panipat,Bus,Crossroad,No,Clear,2,No,Green,Weekday,High,285,65,Accident,Urban Road
Haryana,16-01-2025,20.45,Hisar,Auto,Roundabout,No,Clear,5,Yes,Red,Weekday,Severe,347,48,Accident,Urban Road
Haryana,16-01-2025,21.00,Kurukshetra,Two-Wheeler,T-Junction,No,Fog,2,No,Red,Weekday,Severe,91,25,Accident,Highway
Haryana,16-01-2025,21.15,Kurukshetra,Auto,T-Junction,No,Cloudy,5,No,Amber,Weekday,Medium,446,21,Accident,Urban Road
Haryana,16-01-2025,21.30,Sonipat,Auto,T-Junction,No,Fog,3,Yes,Green,Weekday,Medium,518,58,Accident,Highway
Haryana,16-01-2025,21.45,Ambala,Truck,Crossroad,No,Sunny,6,No,Red,Weekday,Medium,406,47,Normal,Highway
Haryana,16-01-2025,22.00,Yamunanagar,Bus,Crossroad,No,Sunny,5,Yes,Amber,Weekday,Medium,222,40,Normal,Urban Road
Haryana,16-01-2025,22.15,Ambala,Bus,T-Junction,No,Sunny,3,Yes,Green,Weekday,High,78,32,Normal,Rural Road
Haryana,16-01-2025,22.30,Yamunanagar,Two-Wheeler,T-Junction,No,Rain,5,Yes,Red,Weekday,Severe,289,22,Accident,Urban Road
Haryana,16-01-2025,22.45,Karnal,Car,T-Junction,No,Rain,4,No,Red,Weekday,Medium,159,50,Normal,Highway
Haryana,16-01-2025,23.00,Rohtak,Car,Crossroad,No,Sunny,4,No,Amber,Weekday,High,276,51,Normal,Urban Road
Haryana,16-01-2025,23.15,Kurukshetra,Auto,Roundabout,No,Sunny,3,Yes,Red,Weekday,Medium,503,23,Normal,Highway
Haryana,16-01-2025,23.30,Kurukshetra,Two-Wheeler,Roundabout,No,Cloudy,6,Yes,Green,Weekday,Low,550,51,Normal,Highway
Haryana,16-01-2025,23.45,Karnal,Two-Wheeler,T-Junction,No,Sunny,6,Yes,Green,Weekday,High,247,44,Congested,Urban Road
Haryana,17-01-2025,0.00,Karnal,Two-Wheeler,Crossroad,No,Cloudy,3,No,Red,Weekday,High,97,50,Congested,Urban Road
Haryana,17-01-2025,0.15,Faridabad,Car,Roundabout,No,Fog,5,No,Amber,Weekday,Low,598,43,Accident,Rural Road
Haryana,17-01-2025,0.30,Karnal,Truck,T-Junction,No,Sunny,2,Yes,Green,Weekday,High,192,62,Normal,Highway
Haryana,17-01-2025,0.45,Panipat,Auto,Crossroad,No,Rain,5,Yes,Green,Weekday,High,202,28,Congested,Highway
Haryana,17-01-2025,1.00,Panipat,Car,Crossroad,No,Clear,3,No,Amber,Weekday,Medium,369,39,Normal,Highway
Haryana,17-01-2025,1.15,Faridabad,Truck,T-Junction,No,Sunny,5,No,Amber,Weekday,Severe,378,53,Congested,Rural Road
Haryana,17-01-2025,1.30,Hisar,Auto,Crossroad,No,Fog,2,Yes,Green,Weekday,Low,465,52,Accident,Highway
Haryana,17-01-2025,1.45,Rohtak,Two-Wheeler,T-Junction,No,Clear,4,Yes,Red,Weekday,Severe,103,24,Normal,Urban Road
Haryana,17-01-2025,2.00,Sonipat,Auto,T-Junction,No,Rain,2,No,Green,Weekday,High,563,46,Congested,Urban Road
Haryana,17-01-2025,2.15,Hisar,Car,T-Junction,No,Sunny,3,No,Green,Weekday,Severe,244,25,Congested,Urban Road
Haryana,17-01-2025,2.30,Faridabad,Auto,T-Junction,No,Clear,2,No,Red,Weekday,High,103,35,Congested,Rural Road
Haryana,17-01-2025,2.45,Ambala,Bus,T-Junction,No,Cloudy,6,No,Amber,Weekday,Low,333,68,Accident,Rural Road
Haryana,17-01-2025,3.00,Karnal,Truck,T-Junction,No,Sunny,5,Yes,Green,Weekday,High,206,60,Accident,Highway
Haryana,17-01-2025,3.15,Karnal,Car,Roundabout,No,Clear,6,Yes,Red,Weekday,Severe,411,59,Congested,Urban Road
Haryana,17-01-2025,3.30,Karnal,Car,T-Junction,No,Sunny,6,Yes,Green,Weekday,High,123,66,Accident,Highway
Haryana,17-01-2025,3.45,Hisar,Car,Crossroad,No,Fog,3,Yes,Green,Weekday,Low,62,62,Accident,Rural Road
Haryana,17-01-2025,4.00,Ambala,Auto,Roundabout,No,Cloudy,5,No,Red,Weekday,Severe,490,31,Normal,Rural Road
Haryana,17-01-2025,4.15,Karnal,Auto,Crossroad,No,Fog,2,No,Green,Weekday,Low,314,70,Normal,Highway
Haryana,17-01-2025,4.30,Gurugram,Auto,Crossroad,No,Clear,3,No,Red,Weekday,High,399,69,Normal,Rural Road
Haryana,17-01-2025,4.45,Sonipat,Two-Wheeler,T-Junction,No,Sunny,5,Yes,Red,Weekday,Severe,68,22,Normal,Rural Road
Haryana,17-01-2025,5.00,Kurukshetra,Truck,Crossroad,No,Clear,3,Yes,Amber,Weekday,Medium,204,25,Congested,Urban Road
Haryana,17-01-2025,5.15,Hisar,Two-Wheeler,Roundabout,No,Clear,5,No,Green,Weekday,Low,385,31,Accident,Urban Road
Haryana,17-01-2025,5.30,Karnal,Auto,Roundabout,No,Fog,5,Yes,Red,Weekday,Medium,510,67,Accident,Highway
Haryana,17-01-2025,5.45,Hisar,Two-Wheeler,T-Junction,No,Sunny,3,No,Red,Weekday,Severe,456,32,Normal,Urban Road
Haryana,17-01-2025,6.00,Gurugram,Car,Roundabout,No,Clear,5,No,Red,Weekday,Medium,381,46,Normal,Urban Road
Haryana,17-01-2025,6.15,Hisar,Truck,Roundabout,No,Cloudy,5,No,Green,Weekday,High,467,31,Congested,Highway
Haryana,17-01-2025,6.30,Faridabad,Two-Wheeler,Crossroad,No,Rain,3,Yes,Red,Weekday,Low,71,49,Congested,Urban Road
Haryana,17-01-2025,6.45,Rohtak,Bus,Roundabout,No,Sunny,6,No,Green,Weekday,High,183,33,Accident,Rural Road
Haryana,17-01-2025,7.00,Hisar,Car,Roundabout,No,Fog,2,Yes,Amber,Weekday,High,199,46,Normal,Urban Road
Haryana,17-01-2025,7.15,Hisar,Auto,Roundabout,No,Rain,3,No,Red,Weekday,Medium,444,32,Accident,Rural Road
Haryana,17-01-2025,7.30,Kurukshetra,Two-Wheeler,Crossroad,No,Sunny,4,Yes,Red,Weekday,Medium,475,51,Congested,Urban Road
Haryana,17-01-2025,7.45,Sonipat,Auto,T-Junction,No,Rain,3,Yes,Green,Weekday,Low,572,33,Congested,Rural Road
Haryana,17-01-2025,8.00,Ambala,Car,Roundabout,Yes,Cloudy,4,No,Green,Weekday,High,201,38,Accident,Highway
Haryana,17-01-2025,8.15,Karnal,Truck,Roundabout,Yes,Sunny,3,No,Red,Weekday,Medium,178,32,Congested,Rural Road
Haryana,17-01-2025,8.30,Faridabad,Car,Roundabout,Yes,Fog,4,No,Red,Weekday,Low,142,55,Normal,Rural Road
Haryana,17-01-2025,8.45,Kurukshetra,Car,Crossroad,Yes,Rain,3,No,Red,Weekday,Medium,351,39,Congested,Urban Road
Haryana,17-01-2025,9.00,Faridabad,Bus,Crossroad,Yes,Fog,6,No,Green,Weekday,Medium,356,37,Congested,Rural Road
Haryana,17-01-2025,9.15,Sonipat,Bus,Roundabout,Yes,Rain,3,Yes,Red,Weekday,Low,141,55,Accident,Rural Road
Haryana,17-01-2025,9.30,Karnal,Car,T-Junction,Yes,Sunny,6,No,Green,Weekday,Severe,240,69,Normal,Urban Road
Haryana,17-01-2025,9.45,Hisar,Bus,Crossroad,Yes,Cloudy,6,Yes,Red,Weekday,Low,69,67,Congested,Urban Road
Haryana,17-01-2025,10.00,Hisar,Auto,T-Junction,No,Clear,4,No,Red,Weekday,Medium,100,55,Accident,Urban Road
Haryana,17-01-2025,10.15,Ambala,Auto,Crossroad,No,Sunny,5,No,Green,Weekday,Medium,512,27,Normal,Highway
Haryana,17-01-2025,10.30,Faridabad,Bus,Roundabout,No,Rain,3,No,Green,Weekday,High,57,54,Accident,Rural Road
Haryana,17-01-2025,10.45,Karnal,Car,Crossroad,No,Fog,3,Yes,Amber,Weekday,Medium,302,45,Normal,Urban Road
Haryana,17-01-2025,11.00,Karnal,Bus,T-Junction,No,Sunny,3,Yes,Amber,Weekday,Severe,227,34,Congested,Urban Road
Haryana,17-01-2025,11.15,Karnal,Two-Wheeler,Crossroad,No,Rain,6,No,Amber,Weekday,High,95,31,Congested,Rural Road
Haryana,17-01-2025,11.30,Kurukshetra,Two-Wheeler,T-Junction,No,Clear,4,Yes,Red,Weekday,Low,313,41,Normal,Rural Road
Haryana,17-01-2025,11.45,Gurugram,Auto,Roundabout,No,Cloudy,2,No,Red,Weekday,High,538,36,Normal,Rural Road
Haryana,17-01-2025,12.00,Sonipat,Car,Crossroad,No,Clear,5,Yes,Green,Weekday,Severe,342,47,Normal,Urban Road
Haryana,17-01-2025,12.15,Panipat,Two-Wheeler,T-Junction,No,Clear,6,No,Green,Weekday,High,130,41,Accident,Rural Road
Haryana,17-01-2025,12.30,Karnal,Auto,T-Junction,No,Sunny,4,No,Green,Weekday,High,528,28,Normal,Urban Road
Haryana,17-01-2025,12.45,Rohtak,Car,Crossroad,No,Rain,5,Yes,Red,Weekday,Medium,245,65,Congested,Urban Road
Haryana,17-01-2025,13.00,Ambala,Truck,Roundabout,No,Clear,6,No,Amber,Weekday,High,266,42,Congested,Rural Road
Haryana,17-01-2025,13.15,Rohtak,Truck,T-Junction,No,Sunny,4,No,Amber,Weekday,Severe,234,68,Congested,Urban Road
Haryana,17-01-2025,13.30,Hisar,Car,T-Junction,No,Cloudy,4,No,Amber,Weekday,Low,552,46,Normal,Highway
Haryana,17-01-2025,13.45,Panipat,Auto,Crossroad,No,Rain,2,No,Red,Weekday,Medium,478,46,Accident,Highway
Haryana,17-01-2025,14.00,Rohtak,Two-Wheeler,Roundabout,No,Sunny,6,Yes,Red,Weekday,Medium,510,45,Normal,Urban Road
Haryana,17-01-2025,14.15,Panipat,Truck,T-Junction,No,Cloudy,3,Yes,Amber,Weekday,High,243,31,Normal,Rural Road
Haryana,17-01-2025,14.30,Sonipat,Car,Roundabout,No,Sunny,5,No,Green,Weekday,Medium,332,42,Normal,Rural Road
Haryana,17-01-2025,14.45,Rohtak,Two-Wheeler,Crossroad,No,Sunny,5,No,Red,Weekday,Low,563,56,Normal,Highway
Haryana,17-01-2025,15.00,Ambala,Two-Wheeler,Crossroad,No,Fog,2,No,Green,Weekday,High,332,31,Normal,Highway
Haryana,17-01-2025,15.15,Sonipat,Bus,Crossroad,No,Rain,4,No,Amber,Weekday,High,262,65,Congested,Urban Road
Haryana,17-01-2025,15.30,Ambala,Car,Crossroad,No,Clear,5,No,Amber,Weekday,Severe,258,21,Normal,Rural Road
Haryana,17-01-2025,15.45,Sonipat,Bus,Roundabout,No,Sunny,5,Yes,Red,Weekday,Severe,161,36,Normal,Rural Road
Haryana,17-01-2025,16.00,Yamunanagar,Truck,T-Junction,No,Cloudy,6,No,Amber,Weekday,Severe,142,67,Accident,Urban Road
Haryana,17-01-2025,16.15,Hisar,Truck,Roundabout,No,Sunny,5,Yes,Green,Weekday,Severe,350,50,Congested,Urban Road
Haryana,17-01-2025,16.30,Kurukshetra,Auto,T-Junction,No,Cloudy,2,Yes,Amber,Weekday,Severe,436,43,Congested,Urban Road
Haryana,17-01-2025,16.45,Ambala,Two-Wheeler,Crossroad,No,Rain,6,Yes,Red,Weekday,Severe,344,39,Congested,Highway
Haryana,17-01-2025,17.00,Panipat,Truck,T-Junction,Yes,Cloudy,2,Yes,Red,Weekday,High,309,39,Accident,Highway
Haryana,17-01-2025,17.15,Kurukshetra,Bus,Roundabout,Yes,Fog,5,No,Amber,Weekday,Medium,449,66,Congested,Urban Road
Haryana,17-01-2025,17.30,Sonipat,Two-Wheeler,Crossroad,Yes,Rain,5,Yes,Green,Weekday,High,334,25,Normal,Highway
Haryana,17-01-2025,17.45,Karnal,Bus,T-Junction,Yes,Rain,2,Yes,Red,Weekday,High,373,65,Congested,Rural Road
Haryana,17-01-2025,18.00,Kurukshetra,Two-Wheeler,Crossroad,Yes,Fog,2,Yes,Green,Weekday,Medium,473,30,Congested,Highway
Haryana,17-01-2025,18.15,Faridabad,Auto,Roundabout,Yes,Fog,3,No,Red,Weekday,Medium,484,36,Normal,Highway
Haryana,17-01-2025,18.30,Hisar,Two-Wheeler,Roundabout,Yes,Cloudy,5,Yes,Green,Weekday,Medium,268,30,Congested,Highway
Haryana,17-01-2025,18.45,Karnal,Car,T-Junction,Yes,Sunny,5,No,Red,Weekday,Medium,364,39,Accident,Rural Road
Haryana,17-01-2025,19.00,Karnal,Auto,T-Junction,No,Sunny,4,Yes,Green,Weekday,High,86,59,Congested,Highway
Haryana,17-01-2025,19.15,Panipat,Two-Wheeler,T-Junction,No,Cloudy,4,Yes,Green,Weekday,Low,437,49,Normal,Urban Road
Haryana,17-01-2025,19.30,Rohtak,Two-Wheeler,T-Junction,No,Clear,6,No,Amber,Weekday,High,214,21,Accident,Highway
Haryana,17-01-2025,19.45,Ambala,Auto,T-Junction,No,Fog,5,No,Green,Weekday,High,481,37,Normal,Highway
Haryana,17-01-2025,20.00,Kurukshetra,Truck,Roundabout,No,Rain,6,Yes,Red,Weekday,Severe,499,53,Congested,Urban Road
Haryana,17-01-2025,20.15,Kurukshetra,Auto,Roundabout,No,Cloudy,4,Yes,Red,Weekday,Low,162,45,Congested,Urban Road
Haryana,17-01-2025,20.30,Karnal,Car,Crossroad,No,Clear,3,No,Amber,Weekday,Medium,482,54,Normal,Highway
Haryana,17-01-2025,20.45,Rohtak,Bus,T-Junction,No,Sunny,6,No,Amber,Weekday,Medium,463,58,Congested,Highway
Haryana,17-01-2025,21.00,Panipat,Auto,Roundabout,No,Clear,3,No,Green,Weekday,Low,580,53,Accident,Highway
Haryana,17-01-2025,21.15,Panipat,Bus,Crossroad,No,Rain,2,No,Red,Weekday,Severe,176,35,Normal,Highway
Haryana,17-01-2025,21.30,Rohtak,Two-Wheeler,T-Junction,No,Fog,2,No,Red,Weekday,Low,451,28,Congested,Rural Road
Haryana,17-01-2025,21.45,Sonipat,Car,Crossroad,No,Fog,6,No,Amber,Weekday,Low,324,26,Congested,Rural Road
Haryana,17-01-2025,22.00,Karnal,Truck,T-Junction,No,Rain,5,Yes,Red,Weekday,High,505,69,Normal,Highway
Haryana,17-01-2025,22.15,Yamunanagar,Car,T-Junction,No,Rain,3,No,Green,Weekday,Medium,438,46,Accident,Urban Road
Haryana,17-01-2025,22.30,Karnal,Two-Wheeler,Roundabout,No,Clear,6,No,Amber,Weekday,Severe,287,66,Congested,Urban Road
Haryana,17-01-2025,22.45,Gurugram,Auto,Crossroad,No,Rain,6,No,Amber,Weekday,Medium,197,40,Normal,Highway
Haryana,17-01-2025,23.00,Rohtak,Two-Wheeler,Roundabout,No,Sunny,2,Yes,Green,Weekday,Low,385,37,Accident,Highway
Haryana,17-01-2025,23.15,Yamunanagar,Truck,Crossroad,No,Rain,6,No,Green,Weekday,Severe,176,46,Congested,Rural Road
Haryana,17-01-2025,23.30,Karnal,Auto,Crossroad,No,Clear,4,No,Green,Weekday,Severe,445,53,Accident,Highway
Haryana,17-01-2025,23.45,Yamunanagar,Bus,Roundabout,No,Sunny,3,Yes,Red,Weekday,High,594,50,Congested,Highway
Haryana,18-01-2025,0.00,Panipat,Auto,Roundabout,No,Rain,3,No,Red,Weekend,Low,82,65,Accident,Rural Road
Haryana,18-01-2025,0.15,Kurukshetra,Two-Wheeler,Crossroad,No,Sunny,3,No,Green,Weekend,High,179,21,Normal,Urban Road
Haryana,18-01-2025,0.30,Gurugram,Bus,T-Junction,No,Rain,3,Yes,Amber,Weekend,Medium,346,65,Congested,Rural Road
Haryana,18-01-2025,0.45,Panipat,Auto,Crossroad,No,Rain,2,No,Green,Weekend,High,78,51,Congested,Rural Road
Haryana,18-01-2025,1.00,Rohtak,Bus,T-Junction,No,Fog,4,Yes,Red,Weekend,High,322,65,Normal,Highway
Haryana,18-01-2025,1.15,Kurukshetra,Two-Wheeler,T-Junction,No,Sunny,3,No,Green,Weekend,Low,527,60,Congested,Urban Road
Haryana,18-01-2025,1.30,Faridabad,Car,T-Junction,No,Clear,2,Yes,Amber,Weekend,Medium,442,26,Accident,Highway
Haryana,18-01-2025,1.45,Karnal,Truck,Roundabout,No,Rain,2,No,Green,Weekend,Severe,218,58,Normal,Rural Road
Haryana,18-01-2025,2.00,Gurugram,Truck,Crossroad,No,Cloudy,2,Yes,Amber,Weekend,Low,381,64,Accident,Rural Road
Haryana,18-01-2025,2.15,Kurukshetra,Bus,Roundabout,No,Sunny,5,Yes,Green,Weekend,Severe,197,45,Congested,Rural Road
Haryana,18-01-2025,2.30,Rohtak,Car,Crossroad,No,Cloudy,3,No,Red,Weekend,Medium,127,59,Normal,Urban Road
Haryana,18-01-2025,2.45,Faridabad,Bus,Crossroad,No,Sunny,6,Yes,Amber,Weekend,Low,359,29,Accident,Rural Road
Haryana,18-01-2025,3.00,Ambala,Truck,Crossroad,No,Sunny,5,No,Amber,Weekend,Severe,492,51,Congested,Highway
Haryana,18-01-2025,3.15,Sonipat,Two-Wheeler,Crossroad,No,Cloudy,6,Yes,Red,Weekend,High,99,52,Normal,Rural Road
Haryana,18-01-2025,3.30,Karnal,Car,T-Junction,No,Rain,3,No,Amber,Weekend,Low,391,62,Normal,Highway
Haryana,18-01-2025,3.45,Ambala,Two-Wheeler,Crossroad,No,Sunny,6,No,Red,Weekend,Severe,77,42,Congested,Highway
Haryana,18-01-2025,4.00,Faridabad,Car,T-Junction,No,Cloudy,6,Yes,Green,Weekend,Low,531,26,Normal,Highway
Haryana,18-01-2025,4.15,Kurukshetra,Bus,T-Junction,No,Sunny,4,No,Green,Weekend,Medium,422,38,Accident,Urban Road
Haryana,18-01-2025,4.30,Rohtak,Car,T-Junction,No,Rain,3,Yes,Amber,Weekend,Severe,96,47,Normal,Rural Road
Haryana,18-01-2025,4.45,Sonipat,Bus,T-Junction,No,Clear,5,Yes,Amber,Weekend,High,221,39,Accident,Highway
Haryana,18-01-2025,5.00,Faridabad,Car,Roundabout,No,Clear,5,No,Amber,Weekend,High,182,62,Normal,Highway
Haryana,18-01-2025,5.15,Ambala,Two-Wheeler,Roundabout,No,Sunny,6,No,Red,Weekend,Low,495,59,Congested,Highway
Haryana,18-01-2025,5.30,Ambala,Car,Crossroad,No,Sunny,2,No,Amber,Weekend,Severe,347,48,Accident,Urban Road
Haryana,18-01-2025,5.45,Sonipat,Car,Crossroad,No,Rain,2,No,Green,Weekend,Severe,201,58,Normal,Urban Road
Haryana,18-01-2025,6.00,Rohtak,Car,T-Junction,No,Cloudy,5,No,Red,Weekend,Severe,95,44,Accident,Rural Road
Haryana,18-01-2025,6.15,Hisar,Truck,Roundabout,No,Fog,6,No,Amber,Weekend,Severe,296,49,Normal,Rural Road
Haryana,18-01-2025,6.30,Karnal,Bus,T-Junction,No,Fog,2,No,Red,Weekend,Low,248,35,Normal,Rural Road
Haryana,18-01-2025,6.45,Rohtak,Auto,Crossroad,No,Clear,2,No,Amber,Weekend,Severe,50,45,Normal,Highway
Haryana,18-01-2025,7.00,Faridabad,Truck,Roundabout,No,Fog,4,Yes,Red,Weekend,Medium,283,24,Congested,Urban Road
Haryana,18-01-2025,7.15,Sonipat,Two-Wheeler,Crossroad,No,Cloudy,3,No,Green,Weekend,Medium,241,32,Congested,Rural Road
Haryana,18-01-2025,7.30,Karnal,Bus,Crossroad,No,Sunny,4,Yes,Red,Weekend,High,100,25,Normal,Rural Road
Haryana,18-01-2025,7.45,Yamunanagar,Truck,Crossroad,No,Rain,2,Yes,Green,Weekend,Medium,564,69,Congested,Highway
Haryana,18-01-2025,8.00,Kurukshetra,Truck,T-Junction,Yes,Rain,4,Yes,Green,Weekend,Low,599,50,Accident,Urban Road
Haryana,18-01-2025,8.15,Rohtak,Two-Wheeler,Roundabout,Yes,Rain,6,Yes,Amber,Weekend,Medium,267,33,Congested,Urban Road
Haryana,18-01-2025,8.30,Gurugram,Car,Roundabout,Yes,Fog,2,Yes,Amber,Weekend,Low,245,50,Accident,Urban Road
Haryana,18-01-2025,8.45,Yamunanagar,Truck,Roundabout,Yes,Cloudy,3,No,Amber,Weekend,High,447,67,Congested,Highway
Haryana,18-01-2025,9.00,Karnal,Two-Wheeler,Crossroad,Yes,Clear,4,Yes,Amber,Weekend,Severe,207,45,Normal,Highway
Haryana,18-01-2025,9.15,Karnal,Bus,Crossroad,Yes,Cloudy,3,No,Red,Weekend,High,317,22,Accident,Urban Road
Haryana,18-01-2025,9.30,Rohtak,Two-Wheeler,T-Junction,Yes,Clear,2,No,Red,Weekend,Low,314,31,Normal,Rural Road
Haryana,18-01-2025,9.45,Gurugram,Bus,T-Junction,Yes,Cloudy,4,Yes,Amber,Weekend,Medium,286,37,Accident,Rural Road
Haryana,18-01-2025,10.00,Sonipat,Two-Wheeler,T-Junction,No,Clear,2,Yes,Green,Weekend,Severe,253,47,Normal,Urban Road
Haryana,18-01-2025,10.15,Yamunanagar,Bus,T-Junction,No,Rain,3,Yes,Red,Weekend,High,582,51,Congested,Highway
Haryana,18-01-2025,10.30,Rohtak,Bus,T-Junction,No,Fog,3,Yes,Green,Weekend,Low,325,30,Accident,Rural Road
Haryana,18-01-2025,10.45,Panipat,Car,Crossroad,No,Rain,4,No,Amber,Weekend,High,201,65,Normal,Highway
Haryana,18-01-2025,11.00,Kurukshetra,Two-Wheeler,Roundabout,No,Rain,4,No,Red,Weekend,High,262,49,Congested,Highway
Haryana,18-01-2025,11.15,Panipat,Truck,T-Junction,No,Rain,2,No,Amber,Weekend,Low,540,28,Normal,Highway
Haryana,18-01-2025,11.30,Panipat,Truck,Crossroad,No,Sunny,4,No,Red,Weekend,Low,309,69,Normal,Urban Road
Haryana,18-01-2025,11.45,Ambala,Two-Wheeler,Roundabout,No,Fog,3,Yes,Green,Weekend,Severe,70,52,Accident,Urban Road
Haryana,18-01-2025,12.00,Gurugram,Car,T-Junction,No,Cloudy,3,No,Red,Weekend,Medium,281,39,Congested,Rural Road
Haryana,18-01-2025,12.15,Faridabad,Car,Roundabout,No,Clear,5,Yes,Amber,Weekend,Severe,336,20,Normal,Rural Road
Haryana,18-01-2025,12.30,Ambala,Two-Wheeler,T-Junction,No,Fog,6,Yes,Amber,Weekend,High,565,67,Normal,Urban Road
Haryana,18-01-2025,12.45,Karnal,Truck,Roundabout,No,Cloudy,6,No,Green,Weekend,Severe,112,53,Normal,Highway
Haryana,18-01-2025,13.00,Hisar,Car,T-Junction,No,Sunny,6,Yes,Amber,Weekend,Severe,435,22,Normal,Urban Road
Haryana,18-01-2025,13.15,Yamunanagar,Auto,T-Junction,No,Clear,2,Yes,Green,Weekend,Severe,443,60,Normal,Urban Road
Haryana,18-01-2025,13.30,Ambala,Bus,Roundabout,No,Rain,2,Yes,Amber,Weekend,High,409,33,Accident,Highway
Haryana,18-01-2025,13.45,Gurugram,Auto,T-Junction,No,Rain,3,No,Amber,Weekend,High,374,22,Congested,Rural Road
Haryana,18-01-2025,14.00,Gurugram,Auto,Crossroad,No,Clear,4,Yes,Green,Weekend,Medium,572,27,Congested,Rural Road
Haryana,18-01-2025,14.15,Ambala,Two-Wheeler,Crossroad,No,Cloudy,4,Yes,Amber,Weekend,Low,549,48,Accident,Urban Road
Haryana,18-01-2025,14.30,Faridabad,Car,Roundabout,No,Clear,6,No,Green,Weekend,Severe,317,55,Normal,Highway
Haryana,18-01-2025,14.45,Ambala,Bus,Roundabout,No,Cloudy,3,Yes,Red,Weekend,Medium,498,57,Normal,Rural Road
Haryana,18-01-2025,15.00,Sonipat,Truck,Crossroad,No,Clear,5,Yes,Amber,Weekend,High,75,25,Accident,Rural Road
Haryana,18-01-2025,15.15,Karnal,Bus,Roundabout,No,Fog,5,No,Green,Weekend,Low,486,51,Congested,Rural Road
Haryana,18-01-2025,15.30,Gurugram,Bus,Crossroad,No,Fog,5,Yes,Red,Weekend,Medium,499,46,Congested,Urban Road
Haryana,18-01-2025,15.45,Faridabad,Auto,Crossroad,No,Clear,2,No,Amber,Weekend,Severe,350,54,Congested,Highway
Haryana,18-01-2025,16.00,Gurugram,Auto,Roundabout,No,Cloudy,2,Yes,Green,Weekend,Medium,70,58,Congested,Rural Road
Haryana,18-01-2025,16.15,Kurukshetra,Two-Wheeler,Roundabout,No,Cloudy,6,Yes,Amber,Weekend,Severe,558,68,Congested,Rural Road
Haryana,18-01-2025,16.30,Faridabad,Bus,T-Junction,No,Fog,6,No,Green,Weekend,Medium,94,27,Normal,Urban Road
Haryana,18-01-2025,16.45,Yamunanagar,Auto,Roundabout,No,Rain,4,No,Green,Weekend,Low,478,37,Normal,Highway
Haryana,18-01-2025,17.00,Yamunanagar,Auto,Crossroad,Yes,Sunny,2,No,Green,Weekend,Medium,484,63,Accident,Rural Road
Haryana,18-01-2025,17.15,Gurugram,Bus,Crossroad,Yes,Cloudy,5,No,Red,Weekend,High,596,61,Normal,Urban Road
Haryana,18-01-2025,17.30,Panipat,Bus,Crossroad,Yes,Sunny,4,Yes,Amber,Weekend,Severe,532,34,Accident,Highway
Haryana,18-01-2025,17.45,Sonipat,Two-Wheeler,T-Junction,Yes,Rain,6,No,Amber,Weekend,High,456,70,Congested,Highway
Haryana,18-01-2025,18.00,Ambala,Auto,T-Junction,Yes,Fog,6,Yes,Green,Weekend,Low,423,32,Accident,Rural Road
Haryana,18-01-2025,18.15,Rohtak,Bus,Crossroad,Yes,Cloudy,6,No,Green,Weekend,Low,265,69,Accident,Rural Road
Haryana,18-01-2025,18.30,Faridabad,Two-Wheeler,T-Junction,Yes,Clear,4,Yes,Green,Weekend,Severe,554,26,Congested,Highway
Haryana,18-01-2025,18.45,Ambala,Bus,T-Junction,Yes,Fog,2,No,Red,Weekend,Medium,72,26,Accident,Urban Road
Haryana,18-01-2025,19.00,Sonipat,Car,T-Junction,No,Fog,3,Yes,Green,Weekend,Severe,565,58,Accident,Urban Road
Haryana,18-01-2025,19.15,Faridabad,Two-Wheeler,T-Junction,No,Clear,5,No,Amber,Weekend,Low,75,30,Accident,Urban Road
Haryana,18-01-2025,19.30,Panipat,Car,T-Junction,No,Fog,3,Yes,Red,Weekend,High,488,28,Accident,Urban Road
Haryana,18-01-2025,19.45,Gurugram,Bus,T-Junction,No,Clear,4,Yes,Red,Weekend,High,476,21,Accident,Rural Road
Haryana,18-01-2025,20.00,Sonipat,Auto,Crossroad,No,Cloudy,3,Yes,Amber,Weekend,Medium,165,28,Accident,Urban Road
Haryana,18-01-2025,20.15,Hisar,Car,Roundabout,No,Clear,2,No,Red,Weekend,High,244,37,Accident,Urban Road
Haryana,18-01-2025,20.30,Sonipat,Two-Wheeler,Roundabout,No,Sunny,5,No,Green,Weekend,Low,161,56,Accident,Urban Road
Haryana,18-01-2025,20.45,Hisar,Car,T-Junction,No,Cloudy,3,No,Red,Weekend,High,339,68,Congested,Highway
Haryana,18-01-2025,21.00,Hisar,Truck,T-Junction,No,Sunny,5,Yes,Green,Weekend,Low,433,70,Congested,Highway
Haryana,18-01-2025,21.15,Yamunanagar,Two-Wheeler,Roundabout,No,Fog,3,Yes,Red,Weekend,Medium,226,58,Normal,Urban Road
Haryana,18-01-2025,21.30,Rohtak,Auto,Crossroad,No,Clear,2,No,Red,Weekend,High,73,58,Normal,Rural Road
Haryana,18-01-2025,21.45,Faridabad,Two-Wheeler,Crossroad,No,Sunny,5,Yes,Red,Weekend,Low,571,51,Normal,Rural Road
Haryana,18-01-2025,22.00,Ambala,Bus,T-Junction,No,Sunny,2,No,Amber,Weekend,Severe,488,52,Normal,Urban Road
Haryana,18-01-2025,22.15,Kurukshetra,Two-Wheeler,T-Junction,No,Fog,6,No,Amber,Weekend,Low,138,42,Congested,Urban Road
Haryana,18-01-2025,22.30,Yamunanagar,Car,Roundabout,No,Clear,6,Yes,Red,Weekend,Medium,396,60,Accident,Highway
Haryana,18-01-2025,22.45,Faridabad,Bus,Crossroad,No,Cloudy,2,Yes,Amber,Weekend,Low,324,47,Accident,Highway
Haryana,18-01-2025,23.00,Karnal,Auto,Roundabout,No,Fog,2,Yes,Green,Weekend,Low,324,20,Normal,Rural Road
Haryana,18-01-2025,23.15,Hisar,Car,T-Junction,No,Cloudy,3,No,Amber,Weekend,Low,50,53,Accident,Highway
Haryana,18-01-2025,23.30,Ambala,Car,T-Junction,No,Rain,4,Yes,Red,Weekend,Severe,151,45,Normal,Rural Road
Haryana,18-01-2025,23.45,Sonipat,Truck,Roundabout,No,Sunny,6,No,Green,Weekend,High,221,54,Congested,Urban Road
Haryana,19-01-2025,0.00,Yamunanagar,Two-Wheeler,Crossroad,No,Sunny,6,Yes,Green,Weekend,Low,188,38,Congested,Highway
Haryana,19-01-2025,0.15,Sonipat,Auto,Crossroad,No,Sunny,4,No,Red,Weekend,Severe,383,32,Accident,Highway
Haryana,19-01-2025,0.30,Hisar,Truck,T-Junction,No,Fog,4,No,Amber,Weekend,Low,437,51,Congested,Highway
Haryana,19-01-2025,0.45,Kurukshetra,Auto,Crossroad,No,Rain,5,No,Green,Weekend,Medium,205,52,Accident,Highway
Haryana,19-01-2025,1.00,Yamunanagar,Truck,T-Junction,No,Cloudy,5,No,Red,Weekend,Severe,210,29,Accident,Highway
Haryana,19-01-2025,1.15,Panipat,Bus,Roundabout,No,Clear,6,No,Amber,Weekend,Severe,188,57,Accident,Highway
Haryana,19-01-2025,1.30,Kurukshetra,Two-Wheeler,T-Junction,No,Clear,3,No,Amber,Weekend,High,562,60,Accident,Urban Road
Haryana,19-01-2025,1.45,Gurugram,Car,Crossroad,No,Cloudy,4,No,Green,Weekend,High,513,39,Accident,Highway
Haryana,19-01-2025,2.00,Yamunanagar,Truck,Roundabout,No,Clear,2,Yes,Green,Weekend,Medium,478,23,Normal,Rural Road
Haryana,19-01-2025,2.15,Karnal,Truck,T-Junction,No,Sunny,6,Yes,Amber,Weekend,Severe,559,55,Congested,Urban Road
Haryana,19-01-2025,2.30,Rohtak,Two-Wheeler,T-Junction,No,Rain,6,Yes,Green,Weekend,Medium,321,24,Accident,Urban Road
Haryana,19-01-2025,2.45,Ambala,Truck,Roundabout,No,Rain,2,No,Green,Weekend,High,179,52,Normal,Urban Road
Haryana,19-01-2025,3.00,Rohtak,Auto,Roundabout,No,Cloudy,5,No,Red,Weekend,High,240,53,Accident,Urban Road
Haryana,19-01-2025,3.15,Kurukshetra,Auto,Crossroad,No,Fog,4,Yes,Green,Weekend,Severe,235,39,Congested,Highway
Haryana,19-01-2025,3.30,Kurukshetra,Auto,Crossroad,No,Clear,3,No,Green,Weekend,Severe,183,50,Normal,Urban Road
Haryana,19-01-2025,3.45,Sonipat,Truck,Crossroad,No,Sunny,3,Yes,Green,Weekend,Severe,573,60,Accident,Highway
Haryana,19-01-2025,4.00,Gurugram,Truck,T-Junction,No,Rain,2,Yes,Red,Weekend,Low,484,27,Normal,Highway
Haryana,19-01-2025,4.15,Kurukshetra,Bus,Crossroad,No,Cloudy,6,Yes,Red,Weekend,Medium,433,44,Accident,Highway
Haryana,19-01-2025,4.30,Kurukshetra,Two-Wheeler,Roundabout,No,Fog,4,Yes,Amber,Weekend,High,165,43,Congested,Rural Road
Haryana,19-01-2025,4.45,Faridabad,Bus,Roundabout,No,Sunny,4,Yes,Green,Weekend,Medium,383,70,Normal,Urban Road
Haryana,19-01-2025,5.00,Sonipat,Two-Wheeler,Roundabout,No,Sunny,4,No,Amber,Weekend,Severe,91,48,Accident,Highway
Haryana,19-01-2025,5.15,Sonipat,Two-Wheeler,T-Junction,No,Cloudy,2,Yes,Red,Weekend,High,82,36,Accident,Highway
Haryana,19-01-2025,5.30,Ambala,Car,T-Junction,No,Fog,5,Yes,Green,Weekend,High,278,21,Accident,Rural Road
Haryana,19-01-2025,5.45,Yamunanagar,Bus,Roundabout,No,Fog,6,Yes,Green,Weekend,Medium,73,57,Congested,Urban Road
Haryana,19-01-2025,6.00,Ambala,Car,Roundabout,No,Rain,2,Yes,Red,Weekend,Low,472,46,Normal,Rural Road
Haryana,19-01-2025,6.15,Ambala,Car,Roundabout,No,Sunny,6,Yes,Amber,Weekend,Low,63,47,Accident,Rural Road
Haryana,19-01-2025,6.30,Hisar,Car,Roundabout,No,Clear,5,Yes,Amber,Weekend,Severe,157,64,Congested,Highway
Haryana,19-01-2025,6.45,Hisar,Bus,Crossroad,No,Sunny,5,Yes,Red,Weekend,High,271,58,Congested,Rural Road
Haryana,19-01-2025,7.00,Kurukshetra,Car,Crossroad,No,Sunny,6,No,Amber,Weekend,Low,390,53,Congested,Rural Road
Haryana,19-01-2025,7.15,Karnal,Truck,Roundabout,No,Cloudy,3,Yes,Red,Weekend,Medium,532,65,Congested,Highway
Haryana,19-01-2025,7.30,Kurukshetra,Two-Wheeler,T-Junction,No,Cloudy,3,Yes,Amber,Weekend,Low,166,31,Normal,Rural Road
Haryana,19-01-2025,7.45,Faridabad,Two-Wheeler,T-Junction,No,Fog,2,No,Amber,Weekend,Low,316,31,Normal,Highway
Haryana,19-01-2025,8.00,Faridabad,Truck,Crossroad,Yes,Cloudy,3,Yes,Red,Weekend,Medium,53,30,Accident,Urban Road
Haryana,19-01-2025,8.15,Hisar,Car,Roundabout,Yes,Fog,3,Yes,Amber,Weekend,Severe,581,56,Accident,Highway
Haryana,19-01-2025,8.30,Kurukshetra,Two-Wheeler,Roundabout,Yes,Rain,3,Yes,Amber,Weekend,Low,490,21,Normal,Rural Road
Haryana,19-01-2025,8.45,Sonipat,Car,Crossroad,Yes,Rain,3,Yes,Amber,Weekend,Low,78,59,Accident,Highway
Haryana,19-01-2025,9.00,Kurukshetra,Auto,T-Junction,Yes,Clear,6,Yes,Green,Weekend,High,73,42,Normal,Rural Road
Haryana,19-01-2025,9.15,Gurugram,Bus,Crossroad,Yes,Cloudy,5,No,Amber,Weekend,Severe,186,24,Accident,Rural Road
Haryana,19-01-2025,9.30,Karnal,Truck,T-Junction,Yes,Sunny,2,Yes,Red,Weekend,Severe,225,63,Accident,Rural Road
Haryana,19-01-2025,9.45,Ambala,Auto,Crossroad,Yes,Fog,3,Yes,Red,Weekend,Medium,232,49,Normal,Highway
Haryana,19-01-2025,10.00,Faridabad,Bus,Roundabout,No,Rain,2,No,Amber,Weekend,Severe,308,42,Accident,Highway
Haryana,19-01-2025,10.15,Kurukshetra,Car,Roundabout,No,Clear,4,No,Green,Weekend,Severe,542,38,Accident,Highway
Haryana,19-01-2025,10.30,Kurukshetra,Car,Roundabout,No,Rain,2,No,Green,Weekend,Medium,360,49,Congested,Rural Road
Haryana,19-01-2025,10.45,Sonipat,Truck,T-Junction,No,Fog,3,No,Green,Weekend,Severe,460,20,Normal,Rural Road
Haryana,19-01-2025,11.00,Gurugram,Two-Wheeler,Crossroad,No,Fog,6,No,Red,Weekend,Severe,214,26,Accident,Rural Road
Haryana,19-01-2025,11.15,Hisar,Truck,Roundabout,No,Cloudy,5,No,Amber,Weekend,Low,306,54,Normal,Urban Road
Haryana,19-01-2025,11.30,Karnal,Auto,Crossroad,No,Cloudy,4,No,Green,Weekend,Severe,134,23,Normal,Highway
Haryana,19-01-2025,11.45,Sonipat,Bus,Roundabout,No,Rain,3,Yes,Red,Weekend,Severe,308,52,Normal,Highway
Haryana,19-01-2025,12.00,Panipat,Bus,Crossroad,No,Clear,2,Yes,Amber,Weekend,Severe,497,44,Congested,Urban Road
Haryana,19-01-2025,12.15,Sonipat,Bus,Crossroad,No,Clear,2,Yes,Red,Weekend,Low,486,55,Normal,Rural Road
Haryana,19-01-2025,12.30,Karnal,Bus,Crossroad,No,Fog,2,No,Red,Weekend,Low,67,25,Accident,Highway
Haryana,19-01-2025,12.45,Panipat,Car,Crossroad,No,Sunny,4,No,Red,Weekend,Severe,526,67,Congested,Urban Road
Haryana,19-01-2025,13.00,Gurugram,Auto,Crossroad,No,Cloudy,4,Yes,Green,Weekend,Medium,411,23,Normal,Rural Road
Haryana,19-01-2025,13.15,Kurukshetra,Car,Roundabout,No,Clear,2,No,Red,Weekend,Severe,140,63,Congested,Highway
Haryana,19-01-2025,13.30,Panipat,Truck,Roundabout,No,Clear,2,No,Red,Weekend,Medium,186,28,Accident,Highway
Haryana,19-01-2025,13.45,Hisar,Car,Roundabout,No,Sunny,3,Yes,Amber,Weekend,High,357,67,Congested,Urban Road
Haryana,19-01-2025,14.00,Panipat,Bus,Crossroad,No,Sunny,3,Yes,Green,Weekend,Medium,356,65,Normal,Highway
Haryana,19-01-2025,14.15,Faridabad,Bus,Crossroad,No,Fog,2,Yes,Green,Weekend,Medium,218,53,Congested,Urban Road
Haryana,19-01-2025,14.30,Ambala,Two-Wheeler,Roundabout,No,Sunny,4,Yes,Red,Weekend,Severe,289,65,Congested,Rural Road
Haryana,19-01-2025,14.45,Ambala,Auto,Roundabout,No,Rain,5,No,Amber,Weekend,Severe,263,45,Normal,Urban Road
Haryana,19-01-2025,15.00,Faridabad,Truck,T-Junction,No,Clear,2,No,Red,Weekend,High,163,55,Normal,Highway
Haryana,19-01-2025,15.15,Ambala,Truck,T-Junction,No,Rain,5,No,Green,Weekend,Severe,243,29,Congested,Rural Road
Haryana,19-01-2025,15.30,Gurugram,Bus,T-Junction,No,Clear,4,Yes,Red,Weekend,High,454,49,Normal,Rural Road
Haryana,19-01-2025,15.45,Karnal,Bus,T-Junction,No,Rain,6,No,Red,Weekend,High,363,60,Accident,Urban Road
Haryana,19-01-2025,16.00,Karnal,Auto,Crossroad,No,Sunny,4,Yes,Green,Weekend,High,302,42,Accident,Urban Road
Haryana,19-01-2025,16.15,Yamunanagar,Truck,Crossroad,No,Rain,6,No,Amber,Weekend,Medium,223,65,Accident,Rural Road
Haryana,19-01-2025,16.30,Panipat,Truck,T-Junction,No,Clear,6,Yes,Red,Weekend,Severe,231,32,Accident,Highway
Haryana,19-01-2025,16.45,Gurugram,Truck,T-Junction,No,Rain,5,Yes,Red,Weekend,High,281,31,Accident,Rural Road
Haryana,19-01-2025,17.00,Ambala,Truck,Roundabout,Yes,Rain,2,Yes,Red,Weekend,Medium,245,43,Congested,Urban Road
Haryana,19-01-2025,17.15,Gurugram,Two-Wheeler,T-Junction,Yes,Sunny,5,No,Red,Weekend,Low,287,49,Normal,Rural Road
Haryana,19-01-2025,17.30,Ambala,Bus,T-Junction,Yes,Sunny,4,No,Amber,Weekend,Medium,246,41,Accident,Rural Road
Haryana,19-01-2025,17.45,Panipat,Two-Wheeler,T-Junction,Yes,Sunny,6,No,Green,Weekend,Low,510,39,Accident,Urban Road
Haryana,19-01-2025,18.00,Panipat,Auto,Roundabout,Yes,Clear,3,No,Green,Weekend,Medium,526,68,Normal,Rural Road
Haryana,19-01-2025,18.15,Karnal,Truck,T-Junction,Yes,Clear,4,No,Green,Weekend,Severe,56,69,Accident,Highway
Haryana,19-01-2025,18.30,Ambala,Car,T-Junction,Yes,Cloudy,2,Yes,Amber,Weekend,Medium,274,31,Congested,Urban Road
Haryana,19-01-2025,18.45,Faridabad,Two-Wheeler,Roundabout,Yes,Rain,5,Yes,Amber,Weekend,High,68,44,Congested,Highway
Haryana,19-01-2025,19.00,Ambala,Truck,Crossroad,No,Clear,6,No,Green,Weekend,Medium,551,49,Normal,Rural Road
Haryana,19-01-2025,19.15,Ambala,Truck,T-Junction,No,Cloudy,3,No,Amber,Weekend,Medium,226,52,Normal,Rural Road
Haryana,19-01-2025,19.30,Gurugram,Truck,T-Junction,No,Rain,3,Yes,Green,Weekend,Severe,467,38,Normal,Rural Road
Haryana,19-01-2025,19.45,Sonipat,Auto,Crossroad,No,Rain,6,Yes,Amber,Weekend,Low,62,48,Normal,Rural Road
Haryana,19-01-2025,20.00,Kurukshetra,Truck,Crossroad,No,Clear,2,No,Green,Weekend,Low,193,54,Accident,Urban Road
Haryana,19-01-2025,20.15,Karnal,Bus,Roundabout,No,Clear,4,No,Amber,Weekend,Severe,103,44,Normal,Urban Road
Haryana,19-01-2025,20.30,Karnal,Auto,Roundabout,No,Rain,4,No,Green,Weekend,Medium,238,46,Congested,Rural Road
Haryana,19-01-2025,20.45,Kurukshetra,Truck,Crossroad,No,Fog,2,Yes,Amber,Weekend,Low,289,28,Normal,Urban Road
Haryana,19-01-2025,21.00,Faridabad,Auto,T-Junction,No,Rain,2,Yes,Red,Weekend,High,264,64,Accident,Urban Road
Haryana,19-01-2025,21.15,Panipat,Car,T-Junction,No,Fog,3,Yes,Amber,Weekend,Medium,245,46,Congested,Rural Road
Haryana,19-01-2025,21.30,Panipat,Car,Roundabout,No,Clear,3,Yes,Green,Weekend,Medium,563,64,Normal,Urban Road
Haryana,19-01-2025,21.45,Yamunanagar,Two-Wheeler,T-Junction,No,Sunny,3,Yes,Red,Weekend,Medium,469,59,Normal,Rural Road
Haryana,19-01-2025,22.00,Karnal,Auto,Crossroad,No,Cloudy,4,Yes,Green,Weekend,High,555,26,Normal,Highway
Haryana,19-01-2025,22.15,Sonipat,Car,Roundabout,No,Clear,3,No,Green,Weekend,Medium,328,61,Congested,Highway
Haryana,19-01-2025,22.30,Faridabad,Bus,Crossroad,No,Fog,4,Yes,Amber,Weekend,Low,186,53,Normal,Highway
Haryana,19-01-2025,22.45,Rohtak,Auto,Crossroad,No,Cloudy,5,No,Red,Weekend,Severe,302,65,Accident,Urban Road
Haryana,19-01-2025,23.00,Hisar,Auto,Roundabout,No,Rain,4,Yes,Red,Weekend,Low,187,41,Accident,Rural Road
Haryana,19-01-2025,23.15,Panipat,Two-Wheeler,T-Junction,No,Clear,5,Yes,Amber,Weekend,Severe,221,31,Accident,Rural Road
Haryana,19-01-2025,23.30,Hisar,Two-Wheeler,Roundabout,No,Cloudy,2,No,Green,Weekend,Severe,529,50,Accident,Urban Road
Haryana,19-01-2025,23.45,Rohtak,Bus,T-Junction,No,Clear,2,Yes,Green,Weekend,High,462,31,Normal,Urban Road
Haryana,20-01-2025,0.00,Panipat,Car,Roundabout,No,Rain,2,Yes,Red,Weekday,Severe,86,50,Accident,Highway
Haryana,20-01-2025,0.15,Hisar,Bus,T-Junction,No,Rain,3,No,Red,Weekday,Low,218,52,Accident,Highway
Haryana,20-01-2025,0.30,Faridabad,Two-Wheeler,T-Junction,No,Rain,3,Yes,Amber,Weekday,Medium,93,33,Accident,Urban Road
Haryana,20-01-2025,0.45,Kurukshetra,Truck,Crossroad,No,Cloudy,3,No,Green,Weekday,Severe,255,60,Normal,Rural Road
Haryana,20-01-2025,1.00,Sonipat,Auto,Roundabout,No,Fog,4,Yes,Green,Weekday,Severe,504,65,Normal,Urban Road
Haryana,20-01-2025,1.15,Kurukshetra,Car,Crossroad,No,Clear,3,Yes,Amber,Weekday,Medium,90,66,Accident,Urban Road
Haryana,20-01-2025,1.30,Rohtak,Bus,Crossroad,No,Clear,3,Yes,Green,Weekday,Severe,467,43,Congested,Highway
Haryana,20-01-2025,1.45,Faridabad,Two-Wheeler,Roundabout,No,Sunny,4,Yes,Red,Weekday,Medium,212,50,Congested,Urban Road
Haryana,20-01-2025,2.00,Sonipat,Auto,T-Junction,No,Clear,4,No,Green,Weekday,Severe,80,41,Congested,Rural Road
Haryana,20-01-2025,2.15,Karnal,Auto,T-Junction,No,Cloudy,6,Yes,Green,Weekday,Severe,416,20,Accident,Rural Road
Haryana,20-01-2025,2.30,Faridabad,Car,Roundabout,No,Clear,4,Yes,Red,Weekday,Low,254,40,Accident,Rural Road
Haryana,20-01-2025,2.45,Yamunanagar,Auto,T-Junction,No,Rain,2,Yes,Green,Weekday,High,231,66,Accident,Rural Road
Haryana,20-01-2025,3.00,Sonipat,Two-Wheeler,T-Junction,No,Cloudy,3,Yes,Amber,Weekday,Severe,149,38,Normal,Rural Road
Haryana,20-01-2025,3.15,Sonipat,Car,Crossroad,No,Rain,3,No,Red,Weekday,Medium,59,57,Accident,Highway
Haryana,20-01-2025,3.30,Faridabad,Car,Roundabout,No,Cloudy,6,No,Green,Weekday,Severe,130,62,Normal,Highway
Haryana,20-01-2025,3.45,Rohtak,Auto,Roundabout,No,Clear,6,Yes,Red,Weekday,High,134,63,Congested,Urban Road
Haryana,20-01-2025,4.00,Ambala,Car,T-Junction,No,Rain,4,No,Green,Weekday,Medium,315,55,Accident,Rural Road
Haryana,20-01-2025,4.15,Panipat,Truck,T-Junction,No,Sunny,3,Yes,Amber,Weekday,Severe,518,35,Accident,Highway
Haryana,20-01-2025,4.30,Faridabad,Truck,Crossroad,No,Rain,5,No,Amber,Weekday,Low,283,48,Accident,Urban Road
Haryana,20-01-2025,4.45,Karnal,Truck,Roundabout,No,Cloudy,6,Yes,Amber,Weekday,High,592,30,Congested,Urban Road
Haryana,20-01-2025,5.00,Kurukshetra,Auto,Crossroad,No,Clear,4,No,Green,Weekday,Severe,582,62,Accident,Highway
Haryana,20-01-2025,5.15,Kurukshetra,Two-Wheeler,Roundabout,No,Clear,3,Yes,Amber,Weekday,High,88,56,Normal,Highway
Haryana,20-01-2025,5.30,Yamunanagar,Bus,Roundabout,No,Rain,2,Yes,Red,Weekday,Severe,475,42,Congested,Rural Road
Haryana,20-01-2025,5.45,Gurugram,Two-Wheeler,Roundabout,No,Sunny,6,Yes,Red,Weekday,Low,98,30,Congested,Rural Road
Haryana,20-01-2025,6.00,Faridabad,Two-Wheeler,Crossroad,No,Clear,2,Yes,Red,Weekday,High,586,42,Accident,Rural Road
Haryana,20-01-2025,6.15,Sonipat,Truck,Roundabout,No,Fog,5,Yes,Amber,Weekday,High,473,30,Accident,Highway
Haryana,20-01-2025,6.30,Ambala,Car,Roundabout,No,Sunny,3,Yes,Green,Weekday,High,55,20,Congested,Highway
Haryana,20-01-2025,6.45,Rohtak,Bus,T-Junction,No,Clear,5,Yes,Amber,Weekday,Severe,498,37,Congested,Rural Road
Haryana,20-01-2025,7.00,Kurukshetra,Two-Wheeler,T-Junction,No,Rain,2,No,Green,Weekday,High,396,23,Accident,Rural Road
Haryana,20-01-2025,7.15,Panipat,Auto,Crossroad,No,Rain,2,No,Red,Weekday,High,327,65,Accident,Rural Road
Haryana,20-01-2025,7.30,Hisar,Truck,T-Junction,No,Cloudy,3,Yes,Green,Weekday,Severe,100,44,Congested,Highway
Haryana,20-01-2025,7.45,Sonipat,Car,T-Junction,No,Clear,5,Yes,Amber,Weekday,Medium,313,39,Congested,Urban Road
Haryana,20-01-2025,8.00,Faridabad,Truck,T-Junction,Yes,Clear,6,Yes,Amber,Weekday,Medium,265,22,Congested,Urban Road
Haryana,20-01-2025,8.15,Yamunanagar,Bus,T-Junction,Yes,Rain,6,No,Amber,Weekday,Severe,169,66,Accident,Highway
Haryana,20-01-2025,8.30,Gurugram,Bus,Crossroad,Yes,Clear,6,Yes,Red,Weekday,Severe,206,46,Normal,Highway
Haryana,20-01-2025,8.45,Rohtak,Car,Crossroad,Yes,Cloudy,6,No,Amber,Weekday,Medium,333,54,Congested,Highway
Haryana,20-01-2025,9.00,Gurugram,Bus,Crossroad,Yes,Sunny,6,No,Amber,Weekday,Severe,144,23,Normal,Highway
Haryana,20-01-2025,9.15,Sonipat,Auto,Crossroad,Yes,Cloudy,6,No,Amber,Weekday,Severe,491,64,Normal,Urban Road
Haryana,20-01-2025,9.30,Hisar,Auto,Crossroad,Yes,Rain,3,No,Green,Weekday,Medium,280,47,Congested,Rural Road
Haryana,20-01-2025,9.45,Gurugram,Auto,Roundabout,Yes,Fog,5,No,Green,Weekday,High,483,28,Congested,Highway
Haryana,20-01-2025,10.00,Panipat,Bus,T-Junction,No,Sunny,6,No,Amber,Weekday,High,299,69,Congested,Highway
Haryana,20-01-2025,10.15,Yamunanagar,Bus,T-Junction,No,Sunny,3,Yes,Red,Weekday,Medium,390,56,Normal,Rural Road
Haryana,20-01-2025,10.30,Rohtak,Two-Wheeler,Crossroad,No,Clear,3,No,Green,Weekday,Severe,258,20,Congested,Urban Road
Haryana,20-01-2025,10.45,Panipat,Bus,T-Junction,No,Sunny,4,Yes,Red,Weekday,Low,582,26,Accident,Rural Road
Haryana,20-01-2025,11.00,Rohtak,Two-Wheeler,Roundabout,No,Rain,5,Yes,Red,Weekday,Severe,232,67,Congested,Rural Road
Haryana,20-01-2025,11.15,Ambala,Bus,Roundabout,No,Fog,4,No,Amber,Weekday,High,204,32,Congested,Rural Road
Haryana,20-01-2025,11.30,Hisar,Bus,T-Junction,No,Cloudy,5,Yes,Green,Weekday,Medium,158,70,Normal,Rural Road
Haryana,20-01-2025,11.45,Panipat,Two-Wheeler,Roundabout,No,Rain,3,Yes,Red,Weekday,Medium,498,49,Congested,Urban Road
Haryana,20-01-2025,12.00,Ambala,Car,Roundabout,No,Clear,5,Yes,Green,Weekday,Severe,220,70,Congested,Urban Road
Haryana,20-01-2025,12.15,Faridabad,Bus,T-Junction,No,Cloudy,5,No,Red,Weekday,Severe,370,67,Normal,Highway
Haryana,20-01-2025,12.30,Kurukshetra,Two-Wheeler,Crossroad,No,Rain,2,Yes,Red,Weekday,Low,502,29,Normal,Rural Road
Haryana,20-01-2025,12.45,Kurukshetra,Two-Wheeler,T-Junction,No,Fog,6,No,Green,Weekday,Severe,280,26,Normal,Highway
Haryana,20-01-2025,13.00,Faridabad,Two-Wheeler,Roundabout,No,Clear,3,No,Red,Weekday,Low,418,68,Normal,Highway
Haryana,20-01-2025,13.15,Ambala,Car,Roundabout,No,Cloudy,4,No,Green,Weekday,Low,162,65,Accident,Urban Road
Haryana,20-01-2025,13.30,Karnal,Truck,Crossroad,No,Fog,2,Yes,Green,Weekday,High,53,20,Accident,Highway
Haryana,20-01-2025,13.45,Ambala,Bus,Roundabout,No,Rain,2,Yes,Red,Weekday,High,104,44,Normal,Urban Road
Haryana,20-01-2025,14.00,Panipat,Bus,Roundabout,No,Fog,4,Yes,Amber,Weekday,High,183,58,Normal,Urban Road
Haryana,20-01-2025,14.15,Gurugram,Auto,Roundabout,No,Rain,3,No,Green,Weekday,Severe,500,57,Congested,Highway
Haryana,20-01-2025,14.30,Rohtak,Truck,Crossroad,No,Cloudy,5,No,Green,Weekday,Low,162,49,Normal,Urban Road
Haryana,20-01-2025,14.45,Faridabad,Two-Wheeler,T-Junction,No,Rain,3,Yes,Green,Weekday,High,293,34,Normal,Highway
Haryana,20-01-2025,15.00,Sonipat,Bus,Roundabout,No,Fog,5,No,Red,Weekday,Severe,466,46,Congested,Highway
Haryana,20-01-2025,15.15,Sonipat,Two-Wheeler,T-Junction,No,Cloudy,6,Yes,Amber,Weekday,High,69,57,Congested,Highway
Haryana,20-01-2025,15.30,Gurugram,Two-Wheeler,T-Junction,No,Cloudy,6,Yes,Amber,Weekday,Severe,530,58,Normal,Highway
Haryana,20-01-2025,15.45,Kurukshetra,Bus,T-Junction,No,Cloudy,2,Yes,Red,Weekday,Low,353,62,Normal,Highway
Haryana,20-01-2025,16.00,Ambala,Truck,Roundabout,No,Rain,2,Yes,Red,Weekday,High,310,57,Normal,Urban Road
Haryana,20-01-2025,16.15,Faridabad,Bus,Crossroad,No,Rain,2,No,Red,Weekday,Medium,371,49,Accident,Rural Road
Haryana,20-01-2025,16.30,Karnal,Two-Wheeler,Roundabout,No,Clear,6,Yes,Amber,Weekday,Medium,533,65,Normal,Highway
Haryana,20-01-2025,16.45,Gurugram,Auto,Crossroad,No,Rain,5,Yes,Amber,Weekday,Low,488,67,Congested,Highway
Haryana,20-01-2025,17.00,Gurugram,Two-Wheeler,Crossroad,Yes,Clear,4,No,Amber,Weekday,Medium,417,27,Accident,Highway
Haryana,20-01-2025,17.15,Hisar,Truck,T-Junction,Yes,Fog,4,No,Red,Weekday,Medium,511,45,Normal,Rural Road
Haryana,20-01-2025,17.30,Hisar,Auto,Roundabout,Yes,Rain,3,No,Green,Weekday,Medium,231,61,Congested,Rural Road
Haryana,20-01-2025,17.45,Yamunanagar,Car,T-Junction,Yes,Clear,6,No,Red,Weekday,Low,178,55,Normal,Highway
Haryana,20-01-2025,18.00,Panipat,Truck,T-Junction,Yes,Fog,5,Yes,Red,Weekday,Low,110,50,Normal,Rural Road
Haryana,20-01-2025,18.15,Kurukshetra,Auto,T-Junction,Yes,Cloudy,3,Yes,Green,Weekday,High,290,49,Accident,Urban Road
Haryana,20-01-2025,18.30,Sonipat,Bus,Roundabout,Yes,Sunny,3,No,Red,Weekday,Low,267,55,Congested,Rural Road
Haryana,20-01-2025,18.45,Panipat,Two-Wheeler,Crossroad,Yes,Cloudy,3,Yes,Red,Weekday,Severe,197,47,Normal,Urban Road
Haryana,20-01-2025,19.00,Sonipat,Auto,T-Junction,No,Cloudy,4,Yes,Red,Weekday,Severe,71,26,Congested,Rural Road
Haryana,20-01-2025,19.15,Hisar,Bus,T-Junction,No,Fog,4,Yes,Red,Weekday,Low,176,21,Congested,Highway
Haryana,20-01-2025,19.30,Yamunanagar,Auto,Crossroad,No,Rain,3,Yes,Red,Weekday,High,487,59,Congested,Rural Road
Haryana,20-01-2025,19.45,Faridabad,Two-Wheeler,T-Junction,No,Rain,3,No,Amber,Weekday,Medium,496,27,Accident,Rural Road
Haryana,20-01-2025,20.00,Gurugram,Two-Wheeler,Crossroad,No,Rain,5,No,Green,Weekday,Medium,235,45,Congested,Highway
Haryana,20-01-2025,20.15,Hisar,Bus,Crossroad,No,Rain,2,No,Amber,Weekday,High,574,23,Congested,Rural Road
Haryana,20-01-2025,20.30,Yamunanagar,Two-Wheeler,T-Junction,No,Sunny,5,No,Red,Weekday,Medium,515,60,Normal,Rural Road
Haryana,20-01-2025,20.45,Rohtak,Bus,Roundabout,No,Fog,5,Yes,Amber,Weekday,High,203,36,Normal,Highway
Haryana,20-01-2025,21.00,Hisar,Truck,Crossroad,No,Sunny,3,No,Amber,Weekday,Severe,539,61,Accident,Urban Road
Haryana,20-01-2025,21.15,Sonipat,Bus,Crossroad,No,Clear,6,Yes,Amber,Weekday,High,281,44,Normal,Highway
Haryana,20-01-2025,21.30,Sonipat,Bus,Roundabout,No,Clear,6,No,Amber,Weekday,Medium,573,67,Accident,Highway
Haryana,20-01-2025,21.45,Kurukshetra,Bus,T-Junction,No,Rain,2,No,Green,Weekday,Medium,79,70,Accident,Highway
Haryana,20-01-2025,22.00,Hisar,Bus,Roundabout,No,Cloudy,3,Yes,Red,Weekday,Medium,493,68,Normal,Highway
Haryana,20-01-2025,22.15,Gurugram,Two-Wheeler,T-Junction,No,Clear,6,Yes,Green,Weekday,Low,584,28,Accident,Highway
Haryana,20-01-2025,22.30,Ambala,Truck,T-Junction,No,Sunny,3,Yes,Green,Weekday,Medium,391,28,Congested,Rural Road
Haryana,20-01-2025,22.45,Yamunanagar,Truck,Roundabout,No,Rain,3,No,Green,Weekday,High,182,47,Accident,Highway
Haryana,20-01-2025,23.00,Gurugram,Bus,Roundabout,No,Cloudy,4,Yes,Amber,Weekday,Severe,366,53,Congested,Rural Road
Haryana,20-01-2025,23.15,Kurukshetra,Car,T-Junction,No,Rain,3,Yes,Green,Weekday,Severe,543,35,Normal,Rural Road
Haryana,20-01-2025,23.30,Rohtak,Car,Roundabout,No,Rain,4,Yes,Red,Weekday,Medium,204,41,Accident,Highway
Haryana,20-01-2025,23.45,Gurugram,Auto,Roundabout,No,Rain,2,No,Red,Weekday,High,230,27,Congested,Urban Road
Haryana,21-01-2025,0.00,Faridabad,Auto,Roundabout,No,Sunny,4,No,Green,Weekday,Severe,69,64,Accident,Highway
Haryana,21-01-2025,0.15,Kurukshetra,Truck,Roundabout,No,Rain,6,Yes,Red,Weekday,Medium,212,27,Normal,Highway
Haryana,21-01-2025,0.30,Faridabad,Auto,T-Junction,No,Cloudy,5,No,Amber,Weekday,High,75,53,Normal,Urban Road
Haryana,21-01-2025,0.45,Gurugram,Truck,Crossroad,No,Fog,3,Yes,Amber,Weekday,Severe,445,65,Normal,Rural Road
Haryana,21-01-2025,1.00,Hisar,Bus,Crossroad,No,Clear,6,Yes,Red,Weekday,Severe,50,51,Congested,Rural Road
Haryana,21-01-2025,1.15,Yamunanagar,Truck,Crossroad,No,Cloudy,4,Yes,Green,Weekday,Medium,190,24,Normal,Highway
Haryana,21-01-2025,1.30,Sonipat,Car,Crossroad,No,Sunny,2,No,Red,Weekday,High,401,23,Normal,Urban Road
Haryana,21-01-2025,1.45,Panipat,Car,Crossroad,No,Fog,3,No,Green,Weekday,Medium,482,36,Accident,Rural Road
Haryana,21-01-2025,2.00,Kurukshetra,Truck,Roundabout,No,Fog,4,Yes,Red,Weekday,Severe,352,22,Normal,Highway
Haryana,21-01-2025,2.15,Rohtak,Auto,Roundabout,No,Rain,2,No,Green,Weekday,Low,551,58,Congested,Highway
Haryana,21-01-2025,2.30,Hisar,Car,T-Junction,No,Rain,3,Yes,Amber,Weekday,Low,58,56,Normal,Urban Road
Haryana,21-01-2025,2.45,Faridabad,Truck,Crossroad,No,Fog,5,No,Amber,Weekday,High,100,56,Normal,Highway
Haryana,21-01-2025,3.00,Panipat,Two-Wheeler,Roundabout,No,Fog,6,No,Green,Weekday,Low,523,52,Accident,Rural Road
Haryana,21-01-2025,3.15,Kurukshetra,Bus,Roundabout,No,Fog,5,Yes,Red,Weekday,High,141,46,Normal,Rural Road
Haryana,21-01-2025,3.30,Hisar,Auto,Crossroad,No,Cloudy,3,No,Amber,Weekday,Severe,406,26,Accident,Urban Road
Haryana,21-01-2025,3.45,Faridabad,Truck,T-Junction,No,Cloudy,3,Yes,Red,Weekday,Medium,190,63,Normal,Urban Road
Haryana,21-01-2025,4.00,Ambala,Bus,Crossroad,No,Cloudy,3,Yes,Red,Weekday,Low,585,57,Normal,Highway
Haryana,21-01-2025,4.15,Hisar,Two-Wheeler,Crossroad,No,Fog,6,Yes,Amber,Weekday,Severe,269,23,Accident,Urban Road
Haryana,21-01-2025,4.30,Karnal,Car,Roundabout,No,Clear,3,No,Amber,Weekday,High,126,44,Accident,Urban Road
Haryana,21-01-2025,4.45,Sonipat,Bus,Crossroad,No,Sunny,6,No,Red,Weekday,High,164,31,Accident,Urban Road
Haryana,21-01-2025,5.00,Yamunanagar,Auto,Crossroad,No,Clear,5,No,Green,Weekday,High,256,57,Normal,Urban Road
Haryana,21-01-2025,5.15,Panipat,Truck,Crossroad,No,Cloudy,5,No,Green,Weekday,Severe,437,56,Normal,Highway
Haryana,21-01-2025,5.30,Hisar,Two-Wheeler,T-Junction,No,Rain,6,Yes,Amber,Weekday,Severe,594,50,Normal,Urban Road
Haryana,21-01-2025,5.45,Sonipat,Auto,Roundabout,No,Clear,3,Yes,Red,Weekday,Medium,104,46,Normal,Urban Road
Haryana,21-01-2025,6.00,Hisar,Truck,Roundabout,No,Cloudy,2,Yes,Red,Weekday,High,486,39,Accident,Highway
Haryana,21-01-2025,6.15,Gurugram,Truck,Crossroad,No,Cloudy,4,Yes,Red,Weekday,High,423,70,Normal,Highway
Haryana,21-01-2025,6.30,Sonipat,Bus,Crossroad,No,Fog,5,No,Red,Weekday,Severe,334,28,Accident,Highway
Haryana,21-01-2025,6.45,Gurugram,Car,T-Junction,No,Rain,3,No,Amber,Weekday,Low,507,57,Accident,Rural Road
Haryana,21-01-2025,7.00,Sonipat,Bus,Crossroad,No,Fog,6,Yes,Amber,Weekday,Medium,460,69,Normal,Urban Road
Haryana,21-01-2025,7.15,Faridabad,Auto,Roundabout,No,Cloudy,6,No,Red,Weekday,Low,422,62,Normal,Rural Road
Haryana,21-01-2025,7.30,Sonipat,Two-Wheeler,T-Junction,No,Sunny,6,No,Amber,Weekday,Severe,586,49,Congested,Urban Road
Haryana,21-01-2025,7.45,Ambala,Truck,T-Junction,No,Clear,3,Yes,Amber,Weekday,Medium,53,67,Congested,Rural Road
Haryana,21-01-2025,8.00,Rohtak,Truck,T-Junction,Yes,Rain,3,Yes,Green,Weekday,High,510,34,Congested,Highway
Haryana,21-01-2025,8.15,Sonipat,Truck,T-Junction,Yes,Rain,6,Yes,Red,Weekday,High,493,30,Congested,Urban Road
Haryana,21-01-2025,8.30,Yamunanagar,Bus,Roundabout,Yes,Fog,5,Yes,Amber,Weekday,High,432,67,Normal,Rural Road
Haryana,21-01-2025,8.45,Gurugram,Car,Roundabout,Yes,Fog,2,No,Red,Weekday,High,455,66,Congested,Highway
Haryana,21-01-2025,9.00,Faridabad,Two-Wheeler,Roundabout,Yes,Sunny,5,Yes,Green,Weekday,Severe,140,22,Normal,Urban Road
Haryana,21-01-2025,9.15,Panipat,Auto,T-Junction,Yes,Clear,4,No,Amber,Weekday,Severe,167,32,Normal,Urban Road
Haryana,21-01-2025,9.30,Ambala,Two-Wheeler,T-Junction,Yes,Fog,5,Yes,Amber,Weekday,Low,420,60,Normal,Rural Road
Haryana,21-01-2025,9.45,Karnal,Car,Crossroad,Yes,Rain,6,Yes,Green,Weekday,Severe,507,23,Accident,Urban Road
Haryana,21-01-2025,10.00,Panipat,Bus,Roundabout,No,Fog,3,Yes,Red,Weekday,Medium,239,27,Congested,Urban Road
Haryana,21-01-2025,10.15,Ambala,Auto,Roundabout,No,Sunny,5,Yes,Amber,Weekday,Medium,525,28,Accident,Highway
Haryana,21-01-2025,10.30,Sonipat,Bus,T-Junction,No,Fog,3,Yes,Red,Weekday,Low,425,70,Congested,Highway
Haryana,21-01-2025,10.45,Gurugram,Auto,Roundabout,No,Cloudy,6,Yes,Green,Weekday,High,523,41,Congested,Highway
Haryana,21-01-2025,11.00,Kurukshetra,Car,Roundabout,No,Fog,5,No,Red,Weekday,Severe,519,59,Accident,Highway
Haryana,21-01-2025,11.15,Rohtak,Bus,T-Junction,No,Sunny,6,No,Green,Weekday,Medium,209,20,Congested,Urban Road
Haryana,21-01-2025,11.30,Hisar,Truck,Crossroad,No,Clear,4,Yes,Green,Weekday,Severe,385,24,Accident,Rural Road
Haryana,21-01-2025,11.45,Kurukshetra,Bus,T-Junction,No,Rain,6,Yes,Green,Weekday,High,96,35,Congested,Highway
Haryana,21-01-2025,12.00,Karnal,Auto,Crossroad,No,Fog,2,No,Green,Weekday,Severe,350,34,Accident,Highway
Haryana,21-01-2025,12.15,Gurugram,Auto,Roundabout,No,Sunny,3,No,Amber,Weekday,Low,136,30,Accident,Highway
Haryana,21-01-2025,12.30,Panipat,Two-Wheeler,Roundabout,No,Rain,3,Yes,Amber,Weekday,Low,82,53,Normal,Urban Road
Haryana,21-01-2025,12.45,Ambala,Car,Roundabout,No,Cloudy,4,No,Red,Weekday,Medium,467,66,Congested,Rural Road
Haryana,21-01-2025,13.00,Hisar,Auto,Roundabout,No,Cloudy,6,Yes,Red,Weekday,Severe,67,66,Congested,Urban Road
Haryana,21-01-2025,13.15,Ambala,Two-Wheeler,Crossroad,No,Clear,4,No,Red,Weekday,High,121,38,Congested,Highway
Haryana,21-01-2025,13.30,Ambala,Car,Roundabout,No,Rain,4,Yes,Red,Weekday,High,548,41,Congested,Highway
Haryana,21-01-2025,13.45,Sonipat,Truck,Roundabout,No,Rain,6,No,Red,Weekday,Severe,529,42,Accident,Highway
Haryana,21-01-2025,14.00,Panipat,Two-Wheeler,Roundabout,No,Fog,3,Yes,Red,Weekday,Medium,283,68,Congested,Highway
Haryana,21-01-2025,14.15,Panipat,Two-Wheeler,Crossroad,No,Sunny,4,Yes,Amber,Weekday,High,479,67,Accident,Urban Road
Haryana,21-01-2025,14.30,Rohtak,Bus,T-Junction,No,Rain,3,Yes,Amber,Weekday,Low,261,59,Normal,Rural Road
Haryana,21-01-2025,14.45,Sonipat,Two-Wheeler,T-Junction,No,Cloudy,2,Yes,Amber,Weekday,High,151,63,Normal,Urban Road
Haryana,21-01-2025,15.00,Faridabad,Truck,Crossroad,No,Rain,2,No,Green,Weekday,Severe,396,64,Congested,Highway
Haryana,21-01-2025,15.15,Yamunanagar,Bus,Crossroad,No,Clear,2,No,Amber,Weekday,Low,265,31,Normal,Urban Road
Haryana,21-01-2025,15.30,Ambala,Two-Wheeler,Crossroad,No,Rain,2,No,Red,Weekday,High,235,65,Normal,Highway
Haryana,21-01-2025,15.45,Ambala,Car,Crossroad,No,Clear,4,Yes,Red,Weekday,Low,266,23,Congested,Urban Road
Haryana,21-01-2025,16.00,Panipat,Two-Wheeler,Crossroad,No,Sunny,3,Yes,Green,Weekday,Severe,402,49,Congested,Urban Road
Haryana,21-01-2025,16.15,Panipat,Bus,Crossroad,No,Sunny,4,Yes,Red,Weekday,High,330,35,Normal,Urban Road
Haryana,21-01-2025,16.30,Gurugram,Car,T-Junction,No,Clear,2,Yes,Green,Weekday,Severe,70,51,Accident,Highway
Haryana,21-01-2025,16.45,Kurukshetra,Bus,T-Junction,No,Sunny,5,No,Green,Weekday,High,203,54,Normal,Urban Road
Haryana,21-01-2025,17.00,Panipat,Auto,T-Junction,Yes,Rain,5,Yes,Green,Weekday,Severe,597,47,Congested,Rural Road
Haryana,21-01-2025,17.15,Faridabad,Car,Roundabout,Yes,Sunny,3,Yes,Green,Weekday,Medium,65,52,Congested,Highway
Haryana,21-01-2025,17.30,Ambala,Truck,T-Junction,Yes,Rain,5,No,Green,Weekday,Severe,528,55,Accident,Rural Road
Haryana,21-01-2025,17.45,Sonipat,Truck,Roundabout,Yes,Cloudy,6,Yes,Green,Weekday,Medium,123,44,Congested,Urban Road
Haryana,21-01-2025,18.00,Ambala,Truck,Roundabout,Yes,Sunny,6,No,Green,Weekday,Severe,394,49,Accident,Rural Road
Haryana,21-01-2025,18.15,Panipat,Truck,T-Junction,Yes,Sunny,4,No,Red,Weekday,High,181,20,Congested,Urban Road
Haryana,21-01-2025,18.30,Ambala,Auto,Crossroad,Yes,Rain,5,No,Red,Weekday,Severe,136,29,Normal,Rural Road
Haryana,21-01-2025,18.45,Yamunanagar,Two-Wheeler,T-Junction,Yes,Rain,6,No,Amber,Weekday,Medium,290,45,Normal,Rural Road
Haryana,21-01-2025,19.00,Hisar,Bus,T-Junction,No,Fog,2,No,Green,Weekday,Severe,227,29,Normal,Rural Road
Haryana,21-01-2025,19.15,Panipat,Truck,Roundabout,No,Cloudy,2,Yes,Green,Weekday,Low,383,57,Accident,Highway
Haryana,21-01-2025,19.30,Sonipat,Truck,Roundabout,No,Cloudy,3,No,Red,Weekday,High,80,51,Congested,Rural Road
Haryana,21-01-2025,19.45,Sonipat,Two-Wheeler,T-Junction,No,Clear,2,No,Green,Weekday,High,86,62,Accident,Urban Road
Haryana,21-01-2025,20.00,Panipat,Truck,Crossroad,No,Rain,4,No,Amber,Weekday,Medium,121,61,Accident,Urban Road
Haryana,21-01-2025,20.15,Rohtak,Truck,Roundabout,No,Clear,2,Yes,Red,Weekday,Low,466,60,Normal,Highway
Haryana,21-01-2025,20.30,Panipat,Truck,Roundabout,No,Cloudy,2,No,Amber,Weekday,Low,574,31,Accident,Highway
Haryana,21-01-2025,20.45,Karnal,Bus,Crossroad,No,Cloudy,2,Yes,Amber,Weekday,High,480,48,Congested,Highway
Haryana,21-01-2025,21.00,Kurukshetra,Auto,Roundabout,No,Fog,3,No,Green,Weekday,Low,82,62,Congested,Urban Road
Haryana,21-01-2025,21.15,Ambala,Car,Roundabout,No,Clear,3,No,Green,Weekday,Medium,162,45,Accident,Rural Road
Haryana,21-01-2025,21.30,Rohtak,Car,Roundabout,No,Sunny,5,Yes,Red,Weekday,Medium,260,50,Normal,Highway
Haryana,21-01-2025,21.45,Yamunanagar,Car,T-Junction,No,Fog,6,Yes,Green,Weekday,Low,92,31,Accident,Rural Road
Haryana,21-01-2025,22.00,Faridabad,Car,T-Junction,No,Rain,4,Yes,Red,Weekday,Low,496,53,Congested,Rural Road
Haryana,21-01-2025,22.15,Sonipat,Two-Wheeler,Roundabout,No,Sunny,5,Yes,Green,Weekday,High,243,63,Accident,Urban Road
Haryana,21-01-2025,22.30,Rohtak,Auto,Roundabout,No,Cloudy,4,Yes,Amber,Weekday,Medium,379,55,Accident,Rural Road
Haryana,21-01-2025,22.45,Faridabad,Truck,Crossroad,No,Sunny,2,No,Amber,Weekday,Low,577,23,Accident,Urban Road
Haryana,21-01-2025,23.00,Yamunanagar,Auto,T-Junction,No,Fog,3,No,Red,Weekday,Medium,492,42,Normal,Highway
Haryana,21-01-2025,23.15,Rohtak,Two-Wheeler,T-Junction,No,Rain,5,Yes,Amber,Weekday,Severe,488,39,Accident,Urban Road
Haryana,21-01-2025,23.30,Yamunanagar,Car,Crossroad,No,Clear,2,Yes,Green,Weekday,High,581,42,Accident,Rural Road
Haryana,21-01-2025,23.45,Rohtak,Two-Wheeler,T-Junction,No,Rain,4,No,Red,Weekday,Low,164,48,Normal,Rural Road
Haryana,22-01-2025,0.00,Kurukshetra,Truck,Crossroad,No,Sunny,5,No,Amber,Weekday,Medium,455,62,Accident,Rural Road
Haryana,22-01-2025,0.15,Faridabad,Two-Wheeler,Crossroad,No,Rain,4,No,Green,Weekday,Low,347,58,Accident,Highway
Haryana,22-01-2025,0.30,Rohtak,Bus,Crossroad,No,Sunny,5,No,Amber,Weekday,Low,261,67,Normal,Urban Road
Haryana,22-01-2025,0.45,Sonipat,Bus,T-Junction,No,Fog,5,No,Red,Weekday,Severe,220,33,Normal,Rural Road
Haryana,22-01-2025,1.00,Kurukshetra,Car,T-Junction,No,Sunny,4,No,Green,Weekday,High,572,65,Congested,Rural Road
Haryana,22-01-2025,1.15,Karnal,Car,Crossroad,No,Clear,6,Yes,Green,Weekday,Severe,177,51,Normal,Rural Road
Haryana,22-01-2025,1.30,Ambala,Two-Wheeler,Crossroad,No,Clear,2,No,Red,Weekday,Severe,334,50,Accident,Highway
Haryana,22-01-2025,1.45,Hisar,Bus,Roundabout,No,Clear,6,No,Red,Weekday,Low,427,47,Congested,Urban Road
Haryana,22-01-2025,2.00,Panipat,Two-Wheeler,Roundabout,No,Rain,6,Yes,Red,Weekday,Low,319,59,Accident,Rural Road
Haryana,22-01-2025,2.15,Gurugram,Car,T-Junction,No,Cloudy,4,No,Amber,Weekday,High,182,36,Accident,Rural Road
Haryana,22-01-2025,2.30,Panipat,Truck,Crossroad,No,Clear,4,No,Green,Weekday,Severe,94,61,Accident,Highway
Haryana,22-01-2025,2.45,Rohtak,Auto,Roundabout,No,Cloudy,2,Yes,Red,Weekday,Medium,148,30,Accident,Highway
Haryana,22-01-2025,3.00,Hisar,Two-Wheeler,T-Junction,No,Sunny,5,No,Red,Weekday,Low,470,68,Accident,Rural Road
Haryana,22-01-2025,3.15,Hisar,Auto,Crossroad,No,Rain,2,Yes,Red,Weekday,Low,201,40,Congested,Rural Road
Haryana,22-01-2025,3.30,Sonipat,Auto,Crossroad,No,Fog,6,No,Amber,Weekday,Low,218,29,Normal,Rural Road
Haryana,22-01-2025,3.45,Gurugram,Bus,T-Junction,No,Cloudy,2,Yes,Amber,Weekday,Severe,333,58,Congested,Urban Road
Haryana,22-01-2025,4.00,Gurugram,Auto,Crossroad,No,Clear,5,Yes,Green,Weekday,High,485,43,Normal,Rural Road
Haryana,22-01-2025,4.15,Panipat,Auto,T-Junction,No,Rain,6,Yes,Amber,Weekday,High,480,56,Accident,Highway
Haryana,22-01-2025,4.30,Ambala,Bus,Roundabout,No,Sunny,3,No,Red,Weekday,High,359,63,Accident,Highway
Haryana,22-01-2025,4.45,Ambala,Truck,Roundabout,No,Cloudy,6,Yes,Red,Weekday,Low,84,35,Congested,Urban Road
Haryana,22-01-2025,5.00,Panipat,Two-Wheeler,Roundabout,No,Fog,6,No,Amber,Weekday,Medium,287,44,Normal,Urban Road
Haryana,22-01-2025,5.15,Hisar,Truck,Crossroad,No,Cloudy,4,Yes,Amber,Weekday,Severe,333,56,Congested,Urban Road
Haryana,22-01-2025,5.30,Kurukshetra,Two-Wheeler,T-Junction,No,Sunny,3,No,Green,Weekday,High,285,20,Normal,Urban Road
Haryana,22-01-2025,5.45,Ambala,Two-Wheeler,Roundabout,No,Fog,2,No,Green,Weekday,High,543,60,Congested,Rural Road
Haryana,22-01-2025,6.00,Hisar,Two-Wheeler,Roundabout,No,Rain,4,No,Red,Weekday,Severe,138,27,Accident,Urban Road
Haryana,22-01-2025,6.15,Gurugram,Car,T-Junction,No,Clear,5,No,Green,Weekday,Medium,419,63,Accident,Urban Road
Haryana,22-01-2025,6.30,Hisar,Two-Wheeler,Roundabout,No,Cloudy,4,No,Green,Weekday,Medium,170,47,Accident,Urban Road
Haryana,22-01-2025,6.45,Gurugram,Bus,T-Junction,No,Fog,2,No,Green,Weekday,High,102,68,Normal,Highway
Haryana,22-01-2025,7.00,Panipat,Car,Roundabout,No,Clear,2,Yes,Red,Weekday,High,242,46,Normal,Rural Road
Haryana,22-01-2025,7.15,Yamunanagar,Truck,Roundabout,No,Clear,2,No,Green,Weekday,Medium,469,44,Accident,Urban Road
Haryana,22-01-2025,7.30,Sonipat,Auto,T-Junction,No,Cloudy,4,Yes,Amber,Weekday,Medium,440,60,Accident,Rural Road
Haryana,22-01-2025,7.45,Faridabad,Car,Roundabout,No,Fog,4,Yes,Green,Weekday,Medium,224,31,Normal,Urban Road
Haryana,22-01-2025,8.00,Faridabad,Truck,T-Junction,Yes,Sunny,3,Yes,Red,Weekday,Severe,222,64,Normal,Rural Road
Haryana,22-01-2025,8.15,Panipat,Two-Wheeler,Roundabout,Yes,Sunny,6,Yes,Amber,Weekday,High,510,65,Accident,Urban Road
Haryana,22-01-2025,8.30,Ambala,Truck,Roundabout,Yes,Clear,5,Yes,Green,Weekday,Severe,410,38,Normal,Rural Road
Haryana,22-01-2025,8.45,Ambala,Auto,Roundabout,Yes,Cloudy,6,No,Amber,Weekday,Medium,210,63,Normal,Urban Road
Haryana,22-01-2025,9.00,Gurugram,Two-Wheeler,Roundabout,Yes,Sunny,4,No,Amber,Weekday,Medium,199,26,Normal,Highway
Haryana,22-01-2025,9.15,Ambala,Bus,T-Junction,Yes,Clear,3,Yes,Amber,Weekday,Medium,199,56,Accident,Highway
Haryana,22-01-2025,9.30,Panipat,Bus,Crossroad,Yes,Rain,6,Yes,Red,Weekday,Low,244,20,Accident,Highway
Haryana,22-01-2025,9.45,Kurukshetra,Bus,Roundabout,Yes,Sunny,2,Yes,Red,Weekday,Medium,527,25,Accident,Urban Road
Haryana,22-01-2025,10.00,Rohtak,Truck,Roundabout,No,Cloudy,2,Yes,Amber,Weekday,Low,142,62,Congested,Urban Road
Haryana,22-01-2025,10.15,Kurukshetra,Auto,Crossroad,No,Cloudy,2,No,Green,Weekday,Severe,347,60,Accident,Highway
Haryana,22-01-2025,10.30,Hisar,Car,T-Junction,No,Sunny,2,No,Red,Weekday,Medium,292,52,Congested,Rural Road
Haryana,22-01-2025,10.45,Hisar,Two-Wheeler,T-Junction,No,Cloudy,3,No,Amber,Weekday,High,265,60,Normal,Rural Road
Haryana,22-01-2025,11.00,Karnal,Bus,Roundabout,No,Sunny,3,Yes,Amber,Weekday,Low,193,51,Normal,Highway
Haryana,22-01-2025,11.15,Panipat,Bus,Crossroad,No,Clear,4,Yes,Red,Weekday,Medium,156,32,Normal,Rural Road
Haryana,22-01-2025,11.30,Panipat,Two-Wheeler,T-Junction,No,Rain,2,No,Green,Weekday,High,328,31,Normal,Rural Road
Haryana,22-01-2025,11.45,Yamunanagar,Truck,Crossroad,No,Clear,5,No,Amber,Weekday,Low,341,54,Normal,Rural Road
Haryana,22-01-2025,12.00,Ambala,Car,Roundabout,No,Sunny,5,No,Red,Weekday,High,313,23,Congested,Highway
Haryana,22-01-2025,12.15,Panipat,Car,T-Junction,No,Rain,4,Yes,Green,Weekday,Low,319,25,Congested,Rural Road
Haryana,22-01-2025,12.30,Gurugram,Truck,T-Junction,No,Clear,4,Yes,Green,Weekday,High,510,48,Congested,Highway
Haryana,22-01-2025,12.45,Yamunanagar,Car,Crossroad,No,Sunny,2,Yes,Green,Weekday,Low,582,35,Congested,Highway
Haryana,22-01-2025,13.00,Faridabad,Bus,Crossroad,No,Sunny,4,No,Amber,Weekday,Severe,275,38,Normal,Highway
Haryana,22-01-2025,13.15,Rohtak,Truck,Crossroad,No,Fog,3,No,Red,Weekday,Low,367,68,Normal,Urban Road
Haryana,22-01-2025,13.30,Ambala,Two-Wheeler,Roundabout,No,Cloudy,6,No,Green,Weekday,Medium,372,70,Accident,Rural Road
Haryana,22-01-2025,13.45,Faridabad,Car,Crossroad,No,Clear,2,Yes,Green,Weekday,Low,543,52,Congested,Rural Road
Haryana,22-01-2025,14.00,Panipat,Car,T-Junction,No,Sunny,6,Yes,Green,Weekday,High,77,40,Congested,Highway
Haryana,22-01-2025,14.15,Hisar,Bus,Roundabout,No,Clear,3,No,Amber,Weekday,Medium,331,66,Congested,Urban Road
Haryana,22-01-2025,14.30,Hisar,Bus,T-Junction,No,Rain,4,Yes,Amber,Weekday,Low,228,68,Congested,Urban Road
Haryana,22-01-2025,14.45,Rohtak,Two-Wheeler,Crossroad,No,Cloudy,2,No,Amber,Weekday,Low,284,52,Congested,Urban Road
Haryana,22-01-2025,15.00,Panipat,Bus,Roundabout,No,Clear,4,Yes,Red,Weekday,Severe,543,25,Congested,Urban Road
Haryana,22-01-2025,15.15,Rohtak,Two-Wheeler,Roundabout,No,Fog,6,Yes,Green,Weekday,Severe,522,39,Congested,Rural Road
Haryana,22-01-2025,15.30,Hisar,Car,Crossroad,No,Rain,3,Yes,Red,Weekday,High,133,25,Congested,Rural Road
Haryana,22-01-2025,15.45,Gurugram,Bus,Crossroad,No,Cloudy,2,Yes,Amber,Weekday,High,294,25,Normal,Urban Road
Haryana,22-01-2025,16.00,Yamunanagar,Bus,Roundabout,No,Rain,5,No,Red,Weekday,Low,582,35,Congested,Highway
Haryana,22-01-2025,16.15,Karnal,Auto,T-Junction,No,Fog,6,No,Green,Weekday,Severe,354,21,Normal,Highway
Haryana,22-01-2025,16.30,Faridabad,Auto,Crossroad,No,Fog,4,No,Red,Weekday,Medium,450,39,Congested,Urban Road
Haryana,22-01-2025,16.45,Faridabad,Auto,T-Junction,No,Fog,6,Yes,Red,Weekday,Severe,282,41,Normal,Urban Road
Haryana,22-01-2025,17.00,Yamunanagar,Two-Wheeler,Roundabout,Yes,Fog,6,No,Amber,Weekday,Medium,583,23,Congested,Rural Road
Haryana,22-01-2025,17.15,Rohtak,Car,T-Junction,Yes,Rain,3,No,Red,Weekday,High,423,58,Congested,Urban Road
Haryana,22-01-2025,17.30,Sonipat,Bus,Roundabout,Yes,Clear,5,Yes,Red,Weekday,Severe,273,62,Congested,Rural Road
Haryana,22-01-2025,17.45,Ambala,Car,T-Junction,Yes,Clear,6,Yes,Red,Weekday,Severe,280,51,Congested,Highway
Haryana,22-01-2025,18.00,Yamunanagar,Auto,Roundabout,Yes,Fog,6,Yes,Red,Weekday,High,586,29,Congested,Urban Road
Haryana,22-01-2025,18.15,Panipat,Two-Wheeler,Crossroad,Yes,Clear,4,No,Green,Weekday,High,305,42,Normal,Urban Road
Haryana,22-01-2025,18.30,Ambala,Car,Crossroad,Yes,Clear,3,No,Green,Weekday,High,239,57,Accident,Rural Road
Haryana,22-01-2025,18.45,Rohtak,Car,T-Junction,Yes,Sunny,6,Yes,Green,Weekday,High,502,48,Congested,Highway
Haryana,22-01-2025,19.00,Gurugram,Car,T-Junction,No,Fog,4,Yes,Green,Weekday,High,595,57,Accident,Highway
Haryana,22-01-2025,19.15,Yamunanagar,Two-Wheeler,Roundabout,No,Fog,2,No,Amber,Weekday,Low,430,64,Normal,Highway
Haryana,22-01-2025,19.30,Rohtak,Auto,T-Junction,No,Fog,6,Yes,Green,Weekday,High,394,39,Accident,Rural Road
Haryana,22-01-2025,19.45,Panipat,Truck,T-Junction,No,Fog,3,Yes,Red,Weekday,Medium,314,27,Accident,Urban Road
Haryana,22-01-2025,20.00,Rohtak,Two-Wheeler,Crossroad,No,Clear,6,Yes,Red,Weekday,Severe,123,69,Normal,Rural Road
Haryana,22-01-2025,20.15,Yamunanagar,Auto,Crossroad,No,Rain,4,No,Red,Weekday,High,463,40,Accident,Highway
Haryana,22-01-2025,20.30,Yamunanagar,Truck,T-Junction,No,Rain,2,Yes,Red,Weekday,Severe,456,70,Congested,Highway
Haryana,22-01-2025,20.45,Ambala,Auto,T-Junction,No,Fog,5,Yes,Amber,Weekday,Medium,75,60,Congested,Highway
Haryana,22-01-2025,21.00,Kurukshetra,Car,Crossroad,No,Cloudy,3,No,Amber,Weekday,Low,579,61,Normal,Highway
Haryana,22-01-2025,21.15,Panipat,Bus,Roundabout,No,Fog,5,Yes,Amber,Weekday,Low,78,30,Congested,Rural Road
Haryana,22-01-2025,21.30,Rohtak,Bus,T-Junction,No,Clear,5,Yes,Green,Weekday,High,385,37,Normal,Rural Road
Haryana,22-01-2025,21.45,Ambala,Bus,T-Junction,No,Fog,5,Yes,Amber,Weekday,Severe,250,66,Congested,Urban Road
Haryana,22-01-2025,22.00,Panipat,Auto,Crossroad,No,Clear,4,Yes,Amber,Weekday,High,132,57,Normal,Urban Road
Haryana,22-01-2025,22.15,Ambala,Truck,Crossroad,No,Clear,3,Yes,Green,Weekday,High,595,59,Congested,Highway
Haryana,22-01-2025,22.30,Panipat,Bus,T-Junction,No,Rain,4,Yes,Red,Weekday,Severe,175,63,Accident,Urban Road
Haryana,22-01-2025,22.45,Kurukshetra,Bus,Roundabout,No,Fog,5,Yes,Red,Weekday,Severe,185,69,Accident,Rural Road
Haryana,22-01-2025,23.00,Kurukshetra,Truck,Crossroad,No,Clear,6,Yes,Green,Weekday,Low,178,52,Accident,Urban Road
Haryana,22-01-2025,23.15,Yamunanagar,Two-Wheeler,Roundabout,No,Rain,4,Yes,Green,Weekday,Low,378,67,Congested,Highway
Haryana,22-01-2025,23.30,Kurukshetra,Truck,Crossroad,No,Fog,6,Yes,Red,Weekday,Low,337,68,Congested,Urban Road
Haryana,22-01-2025,23.45,Rohtak,Auto,Roundabout,No,Clear,4,No,Green,Weekday,Severe,477,40,Accident,Highway
Haryana,23-01-2025,0.00,Yamunanagar,Bus,Roundabout,No,Rain,2,Yes,Amber,Weekday,Severe,371,65,Normal,Rural Road
Haryana,23-01-2025,0.15,Faridabad,Car,Roundabout,No,Fog,2,Yes,Red,Weekday,High,115,61,Congested,Highway
Haryana,23-01-2025,0.30,Karnal,Bus,T-Junction,No,Cloudy,4,No,Amber,Weekday,Medium,199,41,Normal,Highway
Haryana,23-01-2025,0.45,Hisar,Bus,T-Junction,No,Clear,4,Yes,Green,Weekday,High,362,37,Normal,Urban Road
Haryana,23-01-2025,1.00,Karnal,Two-Wheeler,Roundabout,No,Clear,4,Yes,Red,Weekday,Medium,252,20,Normal,Urban Road
Haryana,23-01-2025,1.15,Ambala,Two-Wheeler,T-Junction,No,Sunny,5,Yes,Red,Weekday,Medium,328,25,Accident,Urban Road
Haryana,23-01-2025,1.30,Faridabad,Bus,Crossroad,No,Fog,2,No,Green,Weekday,Low,115,29,Normal,Urban Road
Haryana,23-01-2025,1.45,Yamunanagar,Car,Roundabout,No,Clear,5,Yes,Red,Weekday,High,291,65,Congested,Highway
Haryana,23-01-2025,2.00,Kurukshetra,Two-Wheeler,Roundabout,No,Cloudy,6,Yes,Amber,Weekday,Severe,344,24,Normal,Highway
Haryana,23-01-2025,2.15,Hisar,Bus,Crossroad,No,Clear,3,No,Green,Weekday,Severe,580,57,Accident,Rural Road
Haryana,23-01-2025,2.30,Rohtak,Two-Wheeler,T-Junction,No,Fog,2,Yes,Amber,Weekday,Low,517,44,Accident,Rural Road
Haryana,23-01-2025,2.45,Faridabad,Two-Wheeler,T-Junction,No,Fog,2,No,Amber,Weekday,High,532,53,Normal,Urban Road
Haryana,23-01-2025,3.00,Sonipat,Bus,Crossroad,No,Cloudy,2,Yes,Red,Weekday,Low,64,30,Congested,Highway
Haryana,23-01-2025,3.15,Panipat,Bus,T-Junction,No,Rain,3,Yes,Red,Weekday,Medium,219,42,Accident,Urban Road
Haryana,23-01-2025,3.30,Rohtak,Auto,T-Junction,No,Clear,5,No,Red,Weekday,High,136,24,Normal,Highway
Haryana,23-01-2025,3.45,Karnal,Two-Wheeler,Roundabout,No,Rain,4,No,Green,Weekday,Medium,174,51,Accident,Highway
Haryana,23-01-2025,4.00,Yamunanagar,Two-Wheeler,Crossroad,No,Cloudy,4,No,Amber,Weekday,Low,168,70,Normal,Rural Road
Haryana,23-01-2025,4.15,Ambala,Car,Crossroad,No,Cloudy,4,No,Red,Weekday,High,321,32,Congested,Highway
Haryana,23-01-2025,4.30,Panipat,Two-Wheeler,Roundabout,No,Clear,3,Yes,Green,Weekday,Low,414,57,Congested,Highway
Haryana,23-01-2025,4.45,Panipat,Car,Crossroad,No,Rain,2,No,Green,Weekday,Low,318,70,Accident,Highway
Haryana,23-01-2025,5.00,Hisar,Car,T-Junction,No,Sunny,2,Yes,Amber,Weekday,Low,360,55,Normal,Rural Road
Haryana,23-01-2025,5.15,Panipat,Car,Roundabout,No,Cloudy,6,No,Green,Weekday,Low,393,51,Accident,Highway
Haryana,23-01-2025,5.30,Sonipat,Auto,T-Junction,No,Sunny,2,No,Green,Weekday,High,263,35,Normal,Urban Road
Haryana,23-01-2025,5.45,Karnal,Car,T-Junction,No,Fog,3,No,Amber,Weekday,Medium,145,44,Accident,Rural Road
Haryana,23-01-2025,6.00,Karnal,Auto,T-Junction,No,Sunny,3,No,Amber,Weekday,Low,162,28,Congested,Rural Road
Haryana,23-01-2025,6.15,Panipat,Auto,T-Junction,No,Sunny,3,Yes,Red,Weekday,Medium,78,48,Normal,Highway
Haryana,23-01-2025,6.30,Panipat,Two-Wheeler,T-Junction,No,Cloudy,6,Yes,Amber,Weekday,Severe,415,46,Congested,Rural Road
Haryana,23-01-2025,6.45,Hisar,Two-Wheeler,Crossroad,No,Clear,5,No,Amber,Weekday,Severe,301,42,Congested,Urban Road
Haryana,23-01-2025,7.00,Ambala,Car,Crossroad,No,Fog,3,No,Amber,Weekday,Severe,406,58,Congested,Highway
Haryana,23-01-2025,7.15,Kurukshetra,Auto,T-Junction,No,Cloudy,4,No,Amber,Weekday,Low,165,59,Congested,Urban Road
Haryana,23-01-2025,7.30,Rohtak,Truck,Roundabout,No,Fog,3,Yes,Amber,Weekday,Severe,314,50,Normal,Urban Road
Haryana,23-01-2025,7.45,Sonipat,Two-Wheeler,Crossroad,No,Fog,6,No,Red,Weekday,Medium,242,56,Accident,Highway
Haryana,23-01-2025,8.00,Kurukshetra,Auto,Roundabout,Yes,Sunny,5,Yes,Red,Weekday,Medium,204,32,Accident,Highway
Haryana,23-01-2025,8.15,Yamunanagar,Car,T-Junction,Yes,Clear,2,No,Red,Weekday,Severe,136,60,Normal,Highway
Haryana,23-01-2025,8.30,Sonipat,Truck,T-Junction,Yes,Fog,2,No,Red,Weekday,Severe,590,53,Accident,Highway
Haryana,23-01-2025,8.45,Panipat,Truck,Roundabout,Yes,Cloudy,3,No,Green,Weekday,High,322,59,Normal,Highway
Haryana,23-01-2025,9.00,Gurugram,Auto,Roundabout,Yes,Fog,4,No,Green,Weekday,Low,240,57,Congested,Urban Road
Haryana,23-01-2025,9.15,Sonipat,Two-Wheeler,Crossroad,Yes,Fog,6,Yes,Green,Weekday,Low,74,37,Congested,Highway
Haryana,23-01-2025,9.30,Faridabad,Auto,T-Junction,Yes,Clear,3,Yes,Green,Weekday,High,166,55,Accident,Rural Road
Haryana,23-01-2025,9.45,Sonipat,Car,Roundabout,Yes,Sunny,3,Yes,Red,Weekday,Severe,114,33,Normal,Rural Road
Haryana,23-01-2025,10.00,Yamunanagar,Auto,Roundabout,No,Fog,4,Yes,Green,Weekday,Low,227,42,Congested,Rural Road
Haryana,23-01-2025,10.15,Karnal,Truck,Roundabout,No,Cloudy,5,Yes,Amber,Weekday,High,467,37,Normal,Urban Road
Haryana,23-01-2025,10.30,Faridabad,Bus,Crossroad,No,Cloudy,5,Yes,Green,Weekday,High,293,69,Accident,Highway
Haryana,23-01-2025,10.45,Panipat,Auto,T-Junction,No,Clear,4,No,Green,Weekday,High,583,37,Normal,Highway
Haryana,23-01-2025,11.00,Panipat,Auto,T-Junction,No,Rain,4,No,Green,Weekday,Severe,409,46,Normal,Highway
Haryana,23-01-2025,11.15,Yamunanagar,Two-Wheeler,Roundabout,No,Sunny,5,Yes,Green,Weekday,Low,160,20,Accident,Highway
Haryana,23-01-2025,11.30,Gurugram,Bus,Roundabout,No,Cloudy,2,Yes,Red,Weekday,High,265,70,Congested,Rural Road
Haryana,23-01-2025,11.45,Yamunanagar,Bus,Crossroad,No,Rain,6,Yes,Red,Weekday,Medium,473,37,Normal,Rural Road
Haryana,23-01-2025,12.00,Rohtak,Auto,Crossroad,No,Cloudy,2,Yes,Green,Weekday,High,160,52,Accident,Rural Road
Haryana,23-01-2025,12.15,Hisar,Truck,Crossroad,No,Sunny,4,No,Green,Weekday,Low,253,50,Accident,Highway
Haryana,23-01-2025,12.30,Faridabad,Auto,Roundabout,No,Clear,4,Yes,Red,Weekday,High,115,41,Normal,Highway
Haryana,23-01-2025,12.45,Hisar,Car,Crossroad,No,Sunny,4,No,Green,Weekday,Low,595,40,Congested,Rural Road
Haryana,23-01-2025,13.00,Ambala,Auto,T-Junction,No,Fog,3,No,Green,Weekday,Low,443,22,Congested,Urban Road
Haryana,23-01-2025,13.15,Kurukshetra,Auto,Roundabout,No,Cloudy,5,Yes,Amber,Weekday,High,508,27,Accident,Urban Road
Haryana,23-01-2025,13.30,Panipat,Bus,T-Junction,No,Fog,3,No,Green,Weekday,Severe,390,30,Accident,Rural Road
Haryana,23-01-2025,13.45,Sonipat,Auto,Roundabout,No,Clear,2,Yes,Red,Weekday,Medium,494,35,Accident,Highway
Haryana,23-01-2025,14.00,Hisar,Car,Crossroad,No,Clear,4,Yes,Green,Weekday,Severe,337,50,Normal,Rural Road
Haryana,23-01-2025,14.15,Kurukshetra,Auto,Crossroad,No,Fog,5,No,Green,Weekday,Medium,592,33,Accident,Highway
Haryana,23-01-2025,14.30,Faridabad,Two-Wheeler,T-Junction,No,Sunny,2,No,Red,Weekday,High,386,30,Normal,Rural Road
Haryana,23-01-2025,14.45,Sonipat,Auto,Crossroad,No,Cloudy,6,Yes,Amber,Weekday,Severe,324,32,Congested,Rural Road
Haryana,23-01-2025,15.00,Sonipat,Bus,Roundabout,No,Rain,6,No,Amber,Weekday,Low,84,30,Accident,Urban Road
Haryana,23-01-2025,15.15,Panipat,Car,Crossroad,No,Cloudy,5,No,Amber,Weekday,Medium,119,32,Normal,Highway
Haryana,23-01-2025,15.30,Faridabad,Auto,Roundabout,No,Fog,5,Yes,Red,Weekday,Severe,513,43,Accident,Urban Road
Haryana,23-01-2025,15.45,Rohtak,Two-Wheeler,Crossroad,No,Cloudy,6,No,Red,Weekday,Medium,443,30,Normal,Urban Road
Haryana,23-01-2025,16.00,Faridabad,Car,Crossroad,No,Cloudy,4,Yes,Green,Weekday,Severe,512,68,Accident,Rural Road
Haryana,23-01-2025,16.15,Ambala,Truck,T-Junction,No,Rain,6,No,Green,Weekday,Medium,439,20,Accident,Rural Road
Haryana,23-01-2025,16.30,Rohtak,Truck,Roundabout,No,Rain,4,Yes,Red,Weekday,Medium,476,31,Congested,Urban Road
Haryana,23-01-2025,16.45,Ambala,Car,T-Junction,No,Sunny,2,No,Red,Weekday,Severe,86,53,Accident,Urban Road
Haryana,23-01-2025,17.00,Rohtak,Bus,T-Junction,Yes,Cloudy,3,Yes,Amber,Weekday,Severe,416,33,Accident,Urban Road
Haryana,23-01-2025,17.15,Faridabad,Truck,Roundabout,Yes,Fog,6,Yes,Green,Weekday,Low,455,55,Accident,Rural Road
Haryana,23-01-2025,17.30,Rohtak,Auto,T-Junction,Yes,Sunny,6,No,Amber,Weekday,High,230,37,Accident,Highway
Haryana,23-01-2025,17.45,Faridabad,Truck,Roundabout,Yes,Cloudy,6,Yes,Red,Weekday,High,539,21,Normal,Urban Road
Haryana,23-01-2025,18.00,Hisar,Bus,Crossroad,Yes,Fog,2,Yes,Green,Weekday,High,215,23,Accident,Urban Road
Haryana,23-01-2025,18.15,Panipat,Truck,Crossroad,Yes,Cloudy,2,Yes,Green,Weekday,Low,497,22,Accident,Highway
Haryana,23-01-2025,18.30,Karnal,Bus,T-Junction,Yes,Cloudy,3,Yes,Amber,Weekday,Medium,260,30,Normal,Rural Road
Haryana,23-01-2025,18.45,Sonipat,Truck,T-Junction,Yes,Fog,2,No,Green,Weekday,High,379,56,Accident,Rural Road
Haryana,23-01-2025,19.00,Yamunanagar,Two-Wheeler,Roundabout,No,Rain,5,No,Red,Weekday,Medium,148,26,Normal,Highway
Haryana,23-01-2025,19.15,Panipat,Bus,Roundabout,No,Sunny,5,No,Green,Weekday,High,451,52,Accident,Rural Road
Haryana,23-01-2025,19.30,Yamunanagar,Car,T-Junction,No,Rain,3,No,Red,Weekday,Low,484,34,Congested,Highway
Haryana,23-01-2025,19.45,Panipat,Bus,Roundabout,No,Sunny,2,Yes,Amber,Weekday,High,426,59,Normal,Rural Road
Haryana,23-01-2025,20.00,Hisar,Auto,Roundabout,No,Clear,4,Yes,Green,Weekday,Low,204,34,Congested,Rural Road
Haryana,23-01-2025,20.15,Hisar,Auto,Crossroad,No,Clear,2,No,Red,Weekday,Severe,100,55,Congested,Highway
Haryana,23-01-2025,20.30,Panipat,Auto,Roundabout,No,Clear,2,Yes,Amber,Weekday,High,386,28,Normal,Urban Road
Haryana,23-01-2025,20.45,Kurukshetra,Car,T-Junction,No,Sunny,3,Yes,Green,Weekday,Low,161,67,Congested,Rural Road
Haryana,23-01-2025,21.00,Yamunanagar,Truck,Roundabout,No,Sunny,5,Yes,Amber,Weekday,High,114,62,Accident,Highway
Haryana,23-01-2025,21.15,Faridabad,Auto,T-Junction,No,Cloudy,4,Yes,Green,Weekday,Severe,304,39,Normal,Highway
Haryana,23-01-2025,21.30,Ambala,Auto,T-Junction,No,Fog,3,Yes,Red,Weekday,Medium,245,22,Congested,Rural Road
Haryana,23-01-2025,21.45,Yamunanagar,Car,T-Junction,No,Fog,4,Yes,Amber,Weekday,High,145,29,Congested,Highway
Haryana,23-01-2025,22.00,Karnal,Two-Wheeler,T-Junction,No,Rain,4,Yes,Amber,Weekday,Low,218,28,Normal,Highway
Haryana,23-01-2025,22.15,Karnal,Two-Wheeler,Roundabout,No,Cloudy,4,Yes,Green,Weekday,Severe,192,65,Congested,Urban Road
Haryana,23-01-2025,22.30,Rohtak,Car,T-Junction,No,Clear,4,Yes,Red,Weekday,Low,265,37,Congested,Urban Road
Haryana,23-01-2025,22.45,Ambala,Auto,T-Junction,No,Sunny,3,No,Amber,Weekday,Severe,587,45,Normal,Urban Road
Haryana,23-01-2025,23.00,Rohtak,Two-Wheeler,Crossroad,No,Sunny,4,No,Amber,Weekday,Low,418,47,Congested,Highway
Haryana,23-01-2025,23.15,Ambala,Car,T-Junction,No,Clear,4,No,Amber,Weekday,Medium,294,70,Congested,Urban Road
Haryana,23-01-2025,23.30,Karnal,Bus,T-Junction,No,Sunny,2,Yes,Green,Weekday,Low,122,51,Congested,Rural Road
Haryana,23-01-2025,23.45,Rohtak,Bus,Crossroad,No,Cloudy,4,Yes,Red,Weekday,Low,240,70,Normal,Rural Road
Haryana,24-01-2025,0.00,Kurukshetra,Auto,Crossroad,No,Sunny,5,Yes,Green,Weekday,High,550,63,Accident,Urban Road
Haryana,24-01-2025,0.15,Ambala,Bus,Crossroad,No,Fog,4,Yes,Green,Weekday,High,200,67,Accident,Highway
Haryana,24-01-2025,0.30,Ambala,Two-Wheeler,Roundabout,No,Rain,6,No,Red,Weekday,Severe,584,27,Normal,Highway
Haryana,24-01-2025,0.45,Panipat,Bus,Roundabout,No,Sunny,2,No,Green,Weekday,High,383,38,Congested,Highway
Haryana,24-01-2025,1.00,Karnal,Car,T-Junction,No,Clear,6,Yes,Amber,Weekday,High,57,59,Accident,Rural Road
Haryana,24-01-2025,1.15,Ambala,Two-Wheeler,T-Junction,No,Cloudy,5,Yes,Amber,Weekday,Severe,219,39,Congested,Urban Road
Haryana,24-01-2025,1.30,Faridabad,Two-Wheeler,Roundabout,No,Rain,3,No,Red,Weekday,Medium,264,45,Congested,Rural Road
Haryana,24-01-2025,1.45,Ambala,Car,Roundabout,No,Sunny,2,Yes,Green,Weekday,High,370,31,Accident,Rural Road
Haryana,24-01-2025,2.00,Rohtak,Truck,Roundabout,No,Clear,6,No,Green,Weekday,Severe,210,39,Normal,Rural Road
Haryana,24-01-2025,2.15,Rohtak,Truck,Crossroad,No,Sunny,4,No,Green,Weekday,Severe,272,40,Normal,Highway
Haryana,24-01-2025,2.30,Rohtak,Two-Wheeler,T-Junction,No,Rain,2,No,Amber,Weekday,Low,424,66,Congested,Urban Road
Haryana,24-01-2025,2.45,Kurukshetra,Car,Crossroad,No,Sunny,3,No,Amber,Weekday,Severe,193,48,Congested,Highway
Haryana,24-01-2025,3.00,Yamunanagar,Car,T-Junction,No,Fog,5,Yes,Amber,Weekday,Medium,67,69,Congested,Highway
Haryana,24-01-2025,3.15,Kurukshetra,Car,Roundabout,No,Sunny,2,No,Red,Weekday,High,323,67,Normal,Rural Road
Haryana,24-01-2025,3.30,Karnal,Truck,Roundabout,No,Sunny,2,No,Red,Weekday,Severe,253,32,Congested,Urban Road
Haryana,24-01-2025,3.45,Gurugram,Truck,T-Junction,No,Clear,5,No,Amber,Weekday,Severe,426,27,Congested,Highway
Haryana,24-01-2025,4.00,Rohtak,Truck,Crossroad,No,Cloudy,2,Yes,Red,Weekday,Low,416,21,Normal,Highway
Haryana,24-01-2025,4.15,Rohtak,Bus,Crossroad,No,Rain,5,No,Red,Weekday,Medium,483,51,Congested,Highway
Haryana,24-01-2025,4.30,Karnal,Truck,Roundabout,No,Cloudy,6,Yes,Red,Weekday,Low,120,22,Normal,Rural Road
Haryana,24-01-2025,4.45,Panipat,Bus,T-Junction,No,Fog,2,Yes,Red,Weekday,Medium,292,36,Normal,Urban Road
Haryana,24-01-2025,5.00,Panipat,Car,Roundabout,No,Rain,4,No,Amber,Weekday,High,236,22,Congested,Rural Road
Haryana,24-01-2025,5.15,Yamunanagar,Truck,Roundabout,No,Clear,4,Yes,Red,Weekday,Medium,200,43,Accident,Rural Road
Haryana,24-01-2025,5.30,Sonipat,Auto,Crossroad,No,Rain,3,No,Green,Weekday,Severe,191,49,Accident,Highway
Haryana,24-01-2025,5.45,Rohtak,Bus,Crossroad,No,Fog,2,Yes,Green,Weekday,Severe,520,42,Accident,Rural Road
Haryana,24-01-2025,6.00,Faridabad,Car,Crossroad,No,Fog,5,Yes,Green,Weekday,Low,108,50,Congested,Rural Road
Haryana,24-01-2025,6.15,Rohtak,Auto,Roundabout,No,Sunny,2,Yes,Amber,Weekday,Low,581,67,Normal,Highway
Haryana,24-01-2025,6.30,Ambala,Two-Wheeler,Crossroad,No,Clear,4,Yes,Red,Weekday,Medium,313,25,Normal,Highway
Haryana,24-01-2025,6.45,Rohtak,Auto,T-Junction,No,Clear,6,Yes,Amber,Weekday,Low,408,47,Accident,Rural Road
Haryana,24-01-2025,7.00,Sonipat,Auto,Crossroad,No,Clear,5,Yes,Green,Weekday,High,51,34,Congested,Urban Road
Haryana,24-01-2025,7.15,Yamunanagar,Two-Wheeler,T-Junction,No,Clear,6,No,Amber,Weekday,High,73,66,Normal,Highway
Haryana,24-01-2025,7.30,Faridabad,Auto,T-Junction,No,Sunny,5,Yes,Red,Weekday,Low,106,28,Normal,Rural Road
Haryana,24-01-2025,7.45,Ambala,Bus,Roundabout,No,Clear,2,No,Amber,Weekday,High,469,27,Congested,Rural Road
Haryana,24-01-2025,8.00,Sonipat,Auto,T-Junction,Yes,Sunny,2,No,Green,Weekday,Medium,364,57,Accident,Highway
Haryana,24-01-2025,8.15,Hisar,Car,Roundabout,Yes,Cloudy,6,No,Red,Weekday,High,303,47,Normal,Urban Road
Haryana,24-01-2025,8.30,Gurugram,Bus,Roundabout,Yes,Fog,5,Yes,Green,Weekday,Medium,474,33,Accident,Highway
Haryana,24-01-2025,8.45,Rohtak,Truck,Crossroad,Yes,Fog,6,Yes,Amber,Weekday,High,143,29,Accident,Urban Road
Haryana,24-01-2025,9.00,Panipat,Two-Wheeler,Crossroad,Yes,Fog,3,Yes,Red,Weekday,Medium,461,63,Normal,Urban Road
Haryana,24-01-2025,9.15,Sonipat,Car,Crossroad,Yes,Cloudy,5,Yes,Green,Weekday,Medium,154,47,Normal,Highway
Haryana,24-01-2025,9.30,Karnal,Car,Roundabout,Yes,Clear,2,Yes,Green,Weekday,Severe,387,55,Normal,Rural Road
Haryana,24-01-2025,9.45,Sonipat,Truck,Crossroad,Yes,Sunny,5,No,Red,Weekday,Severe,157,33,Normal,Urban Road
Haryana,24-01-2025,10.00,Gurugram,Auto,Crossroad,No,Cloudy,6,No,Red,Weekday,High,304,51,Accident,Rural Road
Haryana,24-01-2025,10.15,Rohtak,Truck,Crossroad,No,Cloudy,3,Yes,Red,Weekday,Medium,439,37,Normal,Highway
Haryana,24-01-2025,10.30,Faridabad,Car,Crossroad,No,Rain,4,No,Red,Weekday,Medium,598,53,Congested,Highway
Haryana,24-01-2025,10.45,Yamunanagar,Auto,T-Junction,No,Sunny,6,No,Red,Weekday,High,464,49,Congested,Rural Road
Haryana,24-01-2025,11.00,Yamunanagar,Auto,Roundabout,No,Fog,6,No,Amber,Weekday,Severe,219,47,Congested,Urban Road
Haryana,24-01-2025,11.15,Ambala,Truck,T-Junction,No,Cloudy,5,Yes,Green,Weekday,Medium,323,41,Congested,Rural Road
Haryana,24-01-2025,11.30,Panipat,Auto,Crossroad,No,Clear,5,No,Amber,Weekday,Low,104,48,Accident,Urban Road
Haryana,24-01-2025,11.45,Yamunanagar,Two-Wheeler,Crossroad,No,Clear,3,Yes,Green,Weekday,Severe,211,67,Normal,Highway
Haryana,24-01-2025,12.00,Rohtak,Truck,Crossroad,No,Sunny,3,No,Green,Weekday,Severe,389,44,Congested,Highway
Haryana,24-01-2025,12.15,Yamunanagar,Auto,Roundabout,No,Cloudy,3,Yes,Amber,Weekday,Low,336,62,Congested,Rural Road
Haryana,24-01-2025,12.30,Karnal,Car,Crossroad,No,Clear,2,No,Red,Weekday,High,573,57,Normal,Rural Road
Haryana,24-01-2025,12.45,Karnal,Auto,Roundabout,No,Rain,6,Yes,Green,Weekday,Severe,319,56,Accident,Highway
Haryana,24-01-2025,13.00,Yamunanagar,Two-Wheeler,Roundabout,No,Sunny,3,No,Red,Weekday,Medium,233,59,Normal,Highway
Haryana,24-01-2025,13.15,Karnal,Two-Wheeler,T-Junction,No,Rain,6,No,Amber,Weekday,Low,83,51,Normal,Highway
Haryana,24-01-2025,13.30,Faridabad,Two-Wheeler,Crossroad,No,Sunny,3,Yes,Red,Weekday,Medium,312,64,Congested,Rural Road
Haryana,24-01-2025,13.45,Hisar,Truck,T-Junction,No,Fog,5,Yes,Red,Weekday,Medium,407,53,Normal,Urban Road
Haryana,24-01-2025,14.00,Karnal,Auto,T-Junction,No,Sunny,6,No,Red,Weekday,High,432,52,Accident,Rural Road
Haryana,24-01-2025,14.15,Yamunanagar,Truck,T-Junction,No,Cloudy,3,No,Amber,Weekday,High,154,69,Accident,Rural Road
Haryana,24-01-2025,14.30,Ambala,Auto,Roundabout,No,Sunny,4,No,Amber,Weekday,High,403,55,Normal,Urban Road
Haryana,24-01-2025,14.45,Gurugram,Car,T-Junction,No,Cloudy,2,Yes,Green,Weekday,Medium,594,42,Accident,Highway
Haryana,24-01-2025,15.00,Sonipat,Truck,Roundabout,No,Sunny,3,Yes,Red,Weekday,Medium,321,70,Congested,Rural Road
Haryana,24-01-2025,15.15,Panipat,Auto,T-Junction,No,Clear,5,No,Amber,Weekday,Medium,537,63,Accident,Urban Road
Haryana,24-01-2025,15.30,Hisar,Bus,Crossroad,No,Sunny,4,No,Green,Weekday,Medium,166,38,Normal,Highway
Haryana,24-01-2025,15.45,Hisar,Bus,Roundabout,No,Clear,5,No,Red,Weekday,High,557,67,Congested,Urban Road
Haryana,24-01-2025,16.00,Hisar,Truck,Roundabout,No,Clear,5,Yes,Green,Weekday,Medium,112,45,Accident,Highway
Haryana,24-01-2025,16.15,Sonipat,Two-Wheeler,Roundabout,No,Sunny,2,No,Green,Weekday,Low,542,34,Normal,Highway
Haryana,24-01-2025,16.30,Rohtak,Auto,Roundabout,No,Clear,2,No,Amber,Weekday,Low,56,33,Accident,Rural Road
Haryana,24-01-2025,16.45,Yamunanagar,Auto,T-Junction,No,Clear,6,No,Green,Weekday,Medium,599,28,Normal,Urban Road
Haryana,24-01-2025,17.00,Karnal,Car,Roundabout,Yes,Clear,3,Yes,Red,Weekday,High,406,38,Accident,Rural Road
Haryana,24-01-2025,17.15,Gurugram,Auto,Crossroad,Yes,Rain,2,No,Amber,Weekday,Medium,340,31,Normal,Highway
Haryana,24-01-2025,17.30,Panipat,Car,Crossroad,Yes,Clear,3,No,Amber,Weekday,Medium,426,64,Congested,Highway
Haryana,24-01-2025,17.45,Rohtak,Bus,Roundabout,Yes,Rain,3,No,Amber,Weekday,High,358,24,Accident,Rural Road
Haryana,24-01-2025,18.00,Ambala,Car,Roundabout,Yes,Fog,6,Yes,Green,Weekday,Severe,462,70,Accident,Urban Road
Haryana,24-01-2025,18.15,Gurugram,Bus,Crossroad,Yes,Rain,2,No,Green,Weekday,High,238,62,Normal,Urban Road
Haryana,24-01-2025,18.30,Gurugram,Two-Wheeler,T-Junction,Yes,Cloudy,5,Yes,Green,Weekday,Severe,296,48,Normal,Highway
Haryana,24-01-2025,18.45,Faridabad,Two-Wheeler,Crossroad,Yes,Sunny,5,Yes,Red,Weekday,High,154,28,Congested,Urban Road
Haryana,24-01-2025,19.00,Yamunanagar,Two-Wheeler,Crossroad,No,Rain,6,Yes,Amber,Weekday,Medium,588,48,Accident,Highway
Haryana,24-01-2025,19.15,Karnal,Bus,Crossroad,No,Rain,2,Yes,Green,Weekday,Medium,133,30,Accident,Rural Road
Haryana,24-01-2025,19.30,Gurugram,Car,Crossroad,No,Clear,4,No,Amber,Weekday,Low,50,37,Normal,Highway
Haryana,24-01-2025,19.45,Faridabad,Auto,T-Junction,No,Sunny,4,Yes,Red,Weekday,High,201,62,Normal,Highway
Haryana,24-01-2025,20.00,Karnal,Auto,T-Junction,No,Rain,4,Yes,Amber,Weekday,High,233,25,Normal,Rural Road
Haryana,24-01-2025,20.15,Karnal,Bus,Crossroad,No,Clear,3,Yes,Amber,Weekday,Severe,218,55,Accident,Rural Road
Haryana,24-01-2025,20.30,Rohtak,Truck,Crossroad,No,Clear,2,No,Red,Weekday,Medium,192,69,Congested,Highway
Haryana,24-01-2025,20.45,Ambala,Car,Crossroad,No,Fog,3,No,Amber,Weekday,Low,127,24,Congested,Urban Road
Haryana,24-01-2025,21.00,Ambala,Car,Crossroad,No,Cloudy,3,Yes,Green,Weekday,Severe,344,57,Normal,Rural Road
Haryana,24-01-2025,21.15,Ambala,Two-Wheeler,Roundabout,No,Rain,5,Yes,Amber,Weekday,High,503,51,Normal,Urban Road
Haryana,24-01-2025,21.30,Gurugram,Truck,Roundabout,No,Rain,6,No,Green,Weekday,High,372,48,Accident,Highway
Haryana,24-01-2025,21.45,Karnal,Bus,T-Junction,No,Sunny,2,Yes,Green,Weekday,High,317,66,Accident,Urban Road
Haryana,24-01-2025,22.00,Sonipat,Truck,Crossroad,No,Clear,3,No,Amber,Weekday,Medium,213,39,Normal,Highway
Haryana,24-01-2025,22.15,Kurukshetra,Bus,Roundabout,No,Fog,5,Yes,Green,Weekday,Low,69,41,Accident,Urban Road
Haryana,24-01-2025,22.30,Gurugram,Bus,Crossroad,No,Sunny,4,Yes,Red,Weekday,High,167,52,Normal,Highway
Haryana,24-01-2025,22.45,Yamunanagar,Car,Roundabout,No,Clear,5,No,Red,Weekday,Medium,269,62,Congested,Highway
Haryana,24-01-2025,23.00,Gurugram,Truck,T-Junction,No,Rain,6,No,Green,Weekday,Severe,594,30,Normal,Highway
Haryana,24-01-2025,23.15,Rohtak,Bus,T-Junction,No,Sunny,2,Yes,Red,Weekday,Low,300,58,Accident,Urban Road
Haryana,24-01-2025,23.30,Hisar,Truck,T-Junction,No,Fog,5,Yes,Green,Weekday,Severe,412,60,Congested,Urban Road
Haryana,24-01-2025,23.45,Panipat,Bus,Roundabout,No,Fog,3,No,Red,Weekday,Medium,80,26,Accident,Highway
Haryana,25-01-2025,0.00,Gurugram,Auto,Crossroad,No,Sunny,4,Yes,Green,Weekend,Medium,512,48,Normal,Rural Road
Haryana,25-01-2025,0.15,Karnal,Truck,T-Junction,No,Rain,4,Yes,Amber,Weekend,Medium,336,59,Congested,Urban Road
Haryana,25-01-2025,0.30,Gurugram,Car,T-Junction,No,Cloudy,2,No,Red,Weekend,Low,569,70,Congested,Rural Road
Haryana,25-01-2025,0.45,Rohtak,Two-Wheeler,Crossroad,No,Sunny,4,Yes,Red,Weekend,Severe,416,43,Normal,Rural Road
Haryana,25-01-2025,1.00,Sonipat,Auto,Roundabout,No,Cloudy,3,Yes,Amber,Weekend,High,396,28,Congested,Urban Road
Haryana,25-01-2025,1.15,Karnal,Two-Wheeler,Crossroad,No,Sunny,3,No,Green,Weekend,Severe,122,60,Congested,Highway
Haryana,25-01-2025,1.30,Karnal,Truck,T-Junction,No,Sunny,4,Yes,Green,Weekend,Severe,88,70,Normal,Rural Road
Haryana,25-01-2025,1.45,Kurukshetra,Two-Wheeler,T-Junction,No,Fog,6,No,Red,Weekend,Medium,458,55,Normal,Rural Road
Haryana,25-01-2025,2.00,Hisar,Auto,Roundabout,No,Sunny,4,No,Red,Weekend,Medium,97,25,Normal,Urban Road
Haryana,25-01-2025,2.15,Rohtak,Truck,T-Junction,No,Clear,5,No,Amber,Weekend,High,436,51,Accident,Highway
Haryana,25-01-2025,2.30,Sonipat,Two-Wheeler,Crossroad,No,Fog,4,No,Red,Weekend,High,146,52,Accident,Highway
Haryana,25-01-2025,2.45,Faridabad,Truck,Crossroad,No,Sunny,4,Yes,Red,Weekend,High,503,27,Normal,Rural Road
Haryana,25-01-2025,3.00,Rohtak,Auto,T-Junction,No,Rain,4,No,Green,Weekend,Severe,373,48,Normal,Urban Road
Haryana,25-01-2025,3.15,Rohtak,Auto,Roundabout,No,Sunny,5,No,Amber,Weekend,Low,599,35,Accident,Urban Road
Haryana,25-01-2025,3.30,Rohtak,Auto,Roundabout,No,Rain,2,Yes,Amber,Weekend,High,217,31,Congested,Urban Road
Haryana,25-01-2025,3.45,Panipat,Car,T-Junction,No,Sunny,4,No,Amber,Weekend,Low,256,51,Congested,Highway
Haryana,25-01-2025,4.00,Yamunanagar,Two-Wheeler,T-Junction,No,Clear,4,No,Amber,Weekend,High,447,57,Accident,Urban Road
Haryana,25-01-2025,4.15,Panipat,Car,Roundabout,No,Sunny,3,Yes,Green,Weekend,Low,416,42,Accident,Urban Road
Haryana,25-01-2025,4.30,Kurukshetra,Bus,Roundabout,No,Rain,2,Yes,Red,Weekend,High,363,45,Accident,Highway
Haryana,25-01-2025,4.45,Kurukshetra,Bus,Crossroad,No,Rain,5,Yes,Green,Weekend,High,521,61,Accident,Rural Road
Haryana,25-01-2025,5.00,Faridabad,Bus,T-Junction,No,Sunny,3,No,Red,Weekend,High,464,60,Normal,Urban Road
Haryana,25-01-2025,5.15,Yamunanagar,Bus,Crossroad,No,Fog,5,No,Red,Weekend,Low,399,60,Accident,Rural Road
Haryana,25-01-2025,5.30,Kurukshetra,Car,Roundabout,No,Rain,2,Yes,Amber,Weekend,Low,102,21,Accident,Rural Road
Haryana,25-01-2025,5.45,Yamunanagar,Car,Roundabout,No,Rain,6,Yes,Red,Weekend,High,251,67,Normal,Rural Road
Haryana,25-01-2025,6.00,Karnal,Car,Crossroad,No,Fog,5,No,Green,Weekend,Severe,563,63,Accident,Highway
Haryana,25-01-2025,6.15,Karnal,Car,T-Junction,No,Rain,2,Yes,Amber,Weekend,Severe,418,65,Accident,Highway
Haryana,25-01-2025,6.30,Ambala,Truck,Crossroad,No,Clear,6,No,Green,Weekend,Severe,108,30,Accident,Urban Road
Haryana,25-01-2025,6.45,Panipat,Two-Wheeler,Crossroad,No,Clear,4,Yes,Red,Weekend,Severe,243,38,Normal,Rural Road
Haryana,25-01-2025,7.00,Ambala,Two-Wheeler,Roundabout,No,Cloudy,2,No,Red,Weekend,Medium,508,49,Accident,Rural Road
Haryana,25-01-2025,7.15,Kurukshetra,Bus,T-Junction,No,Cloudy,6,No,Red,Weekend,Severe,280,27,Congested,Urban Road
Haryana,25-01-2025,7.30,Sonipat,Two-Wheeler,T-Junction,No,Sunny,3,Yes,Green,Weekend,Severe,569,31,Accident,Highway
Haryana,25-01-2025,7.45,Rohtak,Auto,Crossroad,No,Cloudy,5,No,Red,Weekend,Low,147,25,Normal,Highway
Haryana,25-01-2025,8.00,Yamunanagar,Bus,Crossroad,Yes,Sunny,2,Yes,Amber,Weekend,Low,157,48,Normal,Urban Road
Haryana,25-01-2025,8.15,Yamunanagar,Truck,Roundabout,Yes,Rain,4,Yes,Green,Weekend,Medium,354,43,Congested,Urban Road
Haryana,25-01-2025,8.30,Rohtak,Auto,Crossroad,Yes,Cloudy,2,Yes,Amber,Weekend,High,216,28,Normal,Highway
Haryana,25-01-2025,8.45,Rohtak,Car,Crossroad,Yes,Fog,5,No,Green,Weekend,High,441,34,Accident,Rural Road
Haryana,25-01-2025,9.00,Yamunanagar,Truck,T-Junction,Yes,Fog,3,Yes,Green,Weekend,High,158,39,Normal,Rural Road
Haryana,25-01-2025,9.15,Karnal,Car,Crossroad,Yes,Cloudy,6,Yes,Amber,Weekend,Low,287,65,Congested,Urban Road
Haryana,25-01-2025,9.30,Kurukshetra,Car,Roundabout,Yes,Clear,2,Yes,Amber,Weekend,Low,358,50,Congested,Highway
Haryana,25-01-2025,9.45,Faridabad,Car,Crossroad,Yes,Sunny,2,Yes,Red,Weekend,Severe,312,63,Accident,Rural Road
Haryana,25-01-2025,10.00,Hisar,Auto,Crossroad,No,Sunny,4,Yes,Red,Weekend,Severe,178,37,Normal,Urban Road
Haryana,25-01-2025,10.15,Rohtak,Car,Crossroad,No,Fog,3,Yes,Red,Weekend,Low,522,30,Accident,Rural Road
Haryana,25-01-2025,10.30,Rohtak,Bus,T-Junction,No,Rain,2,No,Amber,Weekend,Low,572,26,Accident,Urban Road
Haryana,25-01-2025,10.45,Yamunanagar,Auto,T-Junction,No,Fog,6,No,Red,Weekend,Low,52,40,Normal,Urban Road
Haryana,25-01-2025,11.00,Sonipat,Bus,Roundabout,No,Sunny,3,Yes,Red,Weekend,Severe,560,58,Normal,Highway
Haryana,25-01-2025,11.15,Kurukshetra,Truck,Roundabout,No,Clear,2,Yes,Amber,Weekend,Medium,244,35,Congested,Highway
Haryana,25-01-2025,11.30,Rohtak,Two-Wheeler,Roundabout,No,Fog,6,Yes,Amber,Weekend,Low,376,61,Congested,Rural Road
Haryana,25-01-2025,11.45,Gurugram,Truck,Crossroad,No,Sunny,2,Yes,Green,Weekend,Low,416,49,Congested,Urban Road
Haryana,25-01-2025,12.00,Rohtak,Bus,Roundabout,No,Clear,4,Yes,Red,Weekend,Medium,396,62,Normal,Highway
Haryana,25-01-2025,12.15,Sonipat,Truck,T-Junction,No,Rain,3,No,Red,Weekend,High,385,49,Congested,Highway
Haryana,25-01-2025,12.30,Karnal,Two-Wheeler,Roundabout,No,Sunny,5,No,Red,Weekend,High,540,63,Normal,Highway
Haryana,25-01-2025,12.45,Gurugram,Auto,T-Junction,No,Clear,5,No,Amber,Weekend,Medium,74,38,Congested,Urban Road
Haryana,25-01-2025,13.00,Karnal,Two-Wheeler,T-Junction,No,Cloudy,3,No,Green,Weekend,Medium,216,51,Normal,Highway
Haryana,25-01-2025,13.15,Gurugram,Auto,Roundabout,No,Rain,5,Yes,Red,Weekend,Low,516,41,Accident,Rural Road
Haryana,25-01-2025,13.30,Faridabad,Two-Wheeler,Roundabout,No,Rain,6,No,Amber,Weekend,Low,93,38,Accident,Rural Road
Haryana,25-01-2025,13.45,Hisar,Two-Wheeler,T-Junction,No,Rain,5,Yes,Amber,Weekend,Medium,102,38,Congested,Rural Road
Haryana,25-01-2025,14.00,Gurugram,Auto,Crossroad,No,Fog,2,Yes,Green,Weekend,Severe,394,37,Normal,Urban Road
Haryana,25-01-2025,14.15,Faridabad,Auto,Crossroad,No,Rain,3,Yes,Red,Weekend,Low,61,52,Accident,Urban Road
Haryana,25-01-2025,14.30,Kurukshetra,Auto,T-Junction,No,Fog,5,Yes,Red,Weekend,Low,190,67,Normal,Highway
Haryana,25-01-2025,14.45,Gurugram,Car,Roundabout,No,Clear,3,Yes,Amber,Weekend,High,96,49,Normal,Highway
Haryana,25-01-2025,15.00,Yamunanagar,Auto,Roundabout,No,Sunny,3,Yes,Red,Weekend,High,286,21,Congested,Urban Road
Haryana,25-01-2025,15.15,Hisar,Bus,Crossroad,No,Cloudy,6,No,Green,Weekend,Severe,472,61,Congested,Urban Road
Haryana,25-01-2025,15.30,Yamunanagar,Auto,T-Junction,No,Rain,6,Yes,Amber,Weekend,Low,566,45,Congested,Urban Road
Haryana,25-01-2025,15.45,Faridabad,Bus,T-Junction,No,Rain,5,Yes,Amber,Weekend,Severe,560,69,Accident,Highway
Haryana,25-01-2025,16.00,Rohtak,Auto,Crossroad,No,Sunny,2,No,Green,Weekend,Low,374,49,Normal,Urban Road
Haryana,25-01-2025,16.15,Hisar,Car,Crossroad,No,Rain,5,No,Amber,Weekend,Severe,204,56,Normal,Rural Road
Haryana,25-01-2025,16.30,Ambala,Truck,Crossroad,No,Clear,2,No,Red,Weekend,Low,433,41,Congested,Rural Road
Haryana,25-01-2025,16.45,Faridabad,Bus,T-Junction,No,Sunny,2,No,Green,Weekend,Low,529,64,Congested,Urban Road
Haryana,25-01-2025,17.00,Kurukshetra,Two-Wheeler,Roundabout,Yes,Cloudy,3,Yes,Green,Weekend,Severe,514,25,Accident,Highway
Haryana,25-01-2025,17.15,Rohtak,Truck,Crossroad,Yes,Sunny,5,No,Red,Weekend,Severe,176,23,Congested,Urban Road
Haryana,25-01-2025,17.30,Rohtak,Car,Crossroad,Yes,Clear,3,No,Amber,Weekend,Severe,253,41,Accident,Urban Road
Haryana,25-01-2025,17.45,Kurukshetra,Truck,Crossroad,Yes,Clear,4,No,Amber,Weekend,High,189,22,Accident,Rural Road
Haryana,25-01-2025,18.00,Hisar,Car,T-Junction,Yes,Cloudy,5,Yes,Amber,Weekend,High,560,42,Congested,Urban Road
Haryana,25-01-2025,18.15,Yamunanagar,Truck,T-Junction,Yes,Cloudy,4,Yes,Amber,Weekend,Severe,464,35,Congested,Rural Road
Haryana,25-01-2025,18.30,Karnal,Two-Wheeler,Crossroad,Yes,Sunny,5,No,Red,Weekend,High,153,68,Normal,Highway
Haryana,25-01-2025,18.45,Hisar,Auto,Roundabout,Yes,Sunny,2,Yes,Red,Weekend,Medium,502,55,Normal,Urban Road
Haryana,25-01-2025,19.00,Karnal,Truck,Roundabout,No,Sunny,3,No,Red,Weekend,Medium,290,53,Congested,Highway
Haryana,25-01-2025,19.15,Ambala,Auto,Roundabout,No,Clear,6,No,Green,Weekend,Medium,537,57,Congested,Urban Road
Haryana,25-01-2025,19.30,Gurugram,Two-Wheeler,Roundabout,No,Clear,4,Yes,Amber,Weekend,Medium,491,43,Accident,Urban Road
Haryana,25-01-2025,19.45,Panipat,Auto,T-Junction,No,Sunny,6,Yes,Amber,Weekend,Severe,373,67,Congested,Highway
Haryana,25-01-2025,20.00,Ambala,Car,Roundabout,No,Rain,2,Yes,Amber,Weekend,Medium,490,49,Congested,Urban Road
Haryana,25-01-2025,20.15,Karnal,Auto,Roundabout,No,Cloudy,4,No,Green,Weekend,Severe,125,39,Normal,Urban Road
Haryana,25-01-2025,20.30,Hisar,Auto,Roundabout,No,Rain,3,Yes,Red,Weekend,Severe,96,46,Normal,Highway
Haryana,25-01-2025,20.45,Rohtak,Car,Roundabout,No,Cloudy,5,No,Red,Weekend,High,286,57,Normal,Rural Road
Haryana,25-01-2025,21.00,Faridabad,Bus,Roundabout,No,Rain,2,No,Red,Weekend,High,181,66,Congested,Highway
Haryana,25-01-2025,21.15,Hisar,Bus,Crossroad,No,Sunny,5,Yes,Green,Weekend,Low,64,62,Accident,Highway
Haryana,25-01-2025,21.30,Gurugram,Auto,T-Junction,No,Fog,6,Yes,Amber,Weekend,High,331,42,Accident,Urban Road
Haryana,25-01-2025,21.45,Panipat,Car,Crossroad,No,Fog,6,No,Amber,Weekend,High,472,21,Accident,Highway
Haryana,25-01-2025,22.00,Gurugram,Truck,Roundabout,No,Sunny,3,Yes,Green,Weekend,Low,530,49,Normal,Highway
Haryana,25-01-2025,22.15,Sonipat,Car,T-Junction,No,Rain,2,Yes,Red,Weekend,High,596,45,Accident,Rural Road
Haryana,25-01-2025,22.30,Sonipat,Two-Wheeler,Roundabout,No,Sunny,4,Yes,Red,Weekend,High,188,30,Congested,Highway
Haryana,25-01-2025,22.45,Faridabad,Auto,Roundabout,No,Sunny,2,No,Green,Weekend,Severe,212,23,Normal,Highway
Haryana,25-01-2025,23.00,Faridabad,Two-Wheeler,T-Junction,No,Clear,3,No,Red,Weekend,Severe,527,47,Accident,Urban Road
Haryana,25-01-2025,23.15,Kurukshetra,Auto,Crossroad,No,Rain,5,Yes,Amber,Weekend,Severe,167,62,Normal,Urban Road
Haryana,25-01-2025,23.30,Panipat,Two-Wheeler,Roundabout,No,Clear,4,Yes,Amber,Weekend,Medium,375,68,Normal,Rural Road
Haryana,25-01-2025,23.45,Sonipat,Car,T-Junction,No,Cloudy,2,Yes,Green,Weekend,Severe,387,46,Accident,Urban Road
Haryana,26-01-2025,0.00,Yamunanagar,Bus,Crossroad,No,Cloudy,2,No,Red,Weekend,Medium,273,37,Normal,Urban Road
Haryana,26-01-2025,0.15,Panipat,Two-Wheeler,Roundabout,No,Cloudy,4,No,Red,Weekend,Medium,286,54,Accident,Urban Road
Haryana,26-01-2025,0.30,Hisar,Auto,Roundabout,No,Clear,6,Yes,Red,Weekend,Medium,315,35,Accident,Rural Road
Haryana,26-01-2025,0.45,Kurukshetra,Truck,Crossroad,No,Fog,5,No,Green,Weekend,Severe,560,37,Normal,Highway
Haryana,26-01-2025,1.00,Faridabad,Truck,T-Junction,No,Rain,6,No,Green,Weekend,Severe,361,33,Congested,Urban Road
Haryana,26-01-2025,1.15,Ambala,Truck,Roundabout,No,Clear,5,Yes,Green,Weekend,Severe,592,37,Congested,Highway
Haryana,26-01-2025,1.30,Hisar,Truck,T-Junction,No,Clear,3,No,Amber,Weekend,Severe,273,63,Accident,Highway
Haryana,26-01-2025,1.45,Gurugram,Auto,Roundabout,No,Cloudy,3,Yes,Red,Weekend,Low,183,45,Congested,Highway
Haryana,26-01-2025,2.00,Sonipat,Two-Wheeler,Roundabout,No,Clear,4,Yes,Amber,Weekend,High,203,21,Congested,Rural Road
Haryana,26-01-2025,2.15,Yamunanagar,Truck,Crossroad,No,Sunny,6,Yes,Red,Weekend,Medium,312,47,Normal,Highway
Haryana,26-01-2025,2.30,Yamunanagar,Car,Crossroad,No,Clear,2,Yes,Green,Weekend,Low,474,44,Accident,Highway
Haryana,26-01-2025,2.45,Sonipat,Bus,Crossroad,No,Cloudy,4,No,Green,Weekend,Medium,557,30,Congested,Highway
Haryana,26-01-2025,3.00,Gurugram,Car,Roundabout,No,Sunny,4,No,Green,Weekend,Severe,258,67,Congested,Rural Road
Haryana,26-01-2025,3.15,Sonipat,Two-Wheeler,Roundabout,No,Sunny,5,No,Red,Weekend,Severe,507,47,Congested,Highway
Haryana,26-01-2025,3.30,Ambala,Truck,T-Junction,No,Clear,4,Yes,Amber,Weekend,Low,78,61,Congested,Highway
Haryana,26-01-2025,3.45,Ambala,Truck,Crossroad,No,Cloudy,2,No,Green,Weekend,Severe,71,63,Accident,Highway
Haryana,26-01-2025,4.00,Hisar,Auto,Crossroad,No,Clear,5,Yes,Amber,Weekend,High,266,49,Congested,Urban Road
Haryana,26-01-2025,4.15,Sonipat,Bus,Crossroad,No,Cloudy,3,Yes,Red,Weekend,Severe,180,37,Congested,Urban Road
Haryana,26-01-2025,4.30,Hisar,Truck,Crossroad,No,Clear,2,No,Amber,Weekend,High,168,63,Congested,Urban Road
Haryana,26-01-2025,4.45,Karnal,Car,Roundabout,No,Clear,5,No,Amber,Weekend,Medium,345,41,Congested,Rural Road
Haryana,26-01-2025,5.00,Hisar,Auto,T-Junction,No,Cloudy,6,Yes,Amber,Weekend,Medium,339,39,Congested,Urban Road
Haryana,26-01-2025,5.15,Ambala,Truck,T-Junction,No,Cloudy,6,No,Green,Weekend,Low,409,59,Normal,Urban Road
Haryana,26-01-2025,5.30,Rohtak,Car,Crossroad,No,Rain,6,No,Red,Weekend,Severe,308,55,Normal,Rural Road
Haryana,26-01-2025,5.45,Rohtak,Truck,Roundabout,No,Sunny,3,No,Green,Weekend,High,200,53,Congested,Highway
Haryana,26-01-2025,6.00,Panipat,Car,Crossroad,No,Rain,3,No,Red,Weekend,Low,315,66,Normal,Urban Road
Haryana,26-01-2025,6.15,Panipat,Truck,T-Junction,No,Clear,2,No,Amber,Weekend,Low,179,68,Accident,Urban Road
Haryana,26-01-2025,6.30,Faridabad,Bus,Crossroad,No,Clear,4,Yes,Amber,Weekend,Low,228,40,Congested,Urban Road
Haryana,26-01-2025,6.45,Faridabad,Two-Wheeler,Roundabout,No,Cloudy,5,Yes,Green,Weekend,Severe,130,48,Congested,Urban Road
Haryana,26-01-2025,7.00,Panipat,Truck,Crossroad,No,Fog,3,No,Red,Weekend,Medium,482,48,Congested,Urban Road
Haryana,26-01-2025,7.15,Gurugram,Truck,Crossroad,No,Sunny,2,No,Amber,Weekend,Medium,130,24,Congested,Rural Road
Haryana,26-01-2025,7.30,Faridabad,Bus,Crossroad,No,Sunny,6,No,Green,Weekend,Medium,236,58,Normal,Urban Road
Haryana,26-01-2025,7.45,Kurukshetra,Auto,T-Junction,No,Clear,5,Yes,Red,Weekend,Medium,595,59,Congested,Urban Road
Haryana,26-01-2025,8.00,Ambala,Truck,T-Junction,Yes,Sunny,2,No,Amber,Weekend,High,335,65,Accident,Rural Road
Haryana,26-01-2025,8.15,Sonipat,Truck,Roundabout,Yes,Cloudy,3,No,Amber,Weekend,High,419,45,Accident,Urban Road
Haryana,26-01-2025,8.30,Gurugram,Truck,Roundabout,Yes,Rain,2,No,Red,Weekend,High,139,70,Normal,Urban Road
Haryana,26-01-2025,8.45,Faridabad,Bus,T-Junction,Yes,Sunny,2,No,Green,Weekend,High,379,51,Normal,Urban Road
Haryana,26-01-2025,9.00,Kurukshetra,Truck,T-Junction,Yes,Sunny,3,No,Amber,Weekend,High,585,49,Congested,Rural Road
Haryana,26-01-2025,9.15,Ambala,Car,Crossroad,Yes,Fog,4,No,Amber,Weekend,Medium,148,51,Normal,Rural Road
Haryana,26-01-2025,9.30,Sonipat,Two-Wheeler,Roundabout,Yes,Rain,4,Yes,Green,Weekend,High,268,45,Congested,Urban Road
Haryana,26-01-2025,9.45,Hisar,Bus,Roundabout,Yes,Cloudy,3,Yes,Amber,Weekend,Low,235,51,Normal,Rural Road
Haryana,26-01-2025,10.00,Ambala,Auto,T-Junction,No,Cloudy,2,No,Green,Weekend,Low,347,36,Normal,Urban Road
Haryana,26-01-2025,10.15,Ambala,Bus,T-Junction,No,Fog,2,Yes,Amber,Weekend,Low,358,45,Normal,Rural Road
Haryana,26-01-2025,10.30,Sonipat,Car,T-Junction,No,Fog,3,Yes,Red,Weekend,High,498,66,Accident,Rural Road
Haryana,26-01-2025,10.45,Sonipat,Truck,Roundabout,No,Clear,4,Yes,Amber,Weekend,High,140,46,Normal,Rural Road
Haryana,26-01-2025,11.00,Gurugram,Bus,Crossroad,No,Rain,6,Yes,Red,Weekend,Low,300,32,Accident,Highway
Haryana,26-01-2025,11.15,Yamunanagar,Auto,Roundabout,No,Cloudy,5,No,Amber,Weekend,High,182,50,Accident,Highway
Haryana,26-01-2025,11.30,Panipat,Two-Wheeler,Crossroad,No,Clear,4,Yes,Red,Weekend,High,134,45,Normal,Rural Road
Haryana,26-01-2025,11.45,Yamunanagar,Auto,T-Junction,No,Rain,2,Yes,Green,Weekend,Low,64,54,Accident,Rural Road
Haryana,26-01-2025,12.00,Panipat,Car,Crossroad,No,Fog,5,No,Green,Weekend,Severe,280,34,Congested,Rural Road
Haryana,26-01-2025,12.15,Faridabad,Car,Crossroad,No,Fog,3,Yes,Red,Weekend,Severe,108,24,Normal,Urban Road
Haryana,26-01-2025,12.30,Kurukshetra,Bus,T-Junction,No,Sunny,3,No,Red,Weekend,Low,337,55,Accident,Urban Road
Haryana,26-01-2025,12.45,Ambala,Auto,Crossroad,No,Clear,5,Yes,Red,Weekend,High,486,21,Congested,Urban Road
Haryana,26-01-2025,13.00,Ambala,Two-Wheeler,T-Junction,No,Sunny,4,No,Red,Weekend,Low,197,70,Accident,Rural Road
Haryana,26-01-2025,13.15,Faridabad,Auto,T-Junction,No,Fog,4,No,Red,Weekend,High,464,38,Congested,Urban Road
Haryana,26-01-2025,13.30,Ambala,Auto,Roundabout,No,Clear,3,No,Green,Weekend,Severe,479,22,Accident,Highway
Haryana,26-01-2025,13.45,Gurugram,Car,T-Junction,No,Fog,6,No,Amber,Weekend,Medium,534,54,Accident,Highway
Haryana,26-01-2025,14.00,Sonipat,Bus,Crossroad,No,Sunny,2,No,Red,Weekend,High,565,45,Congested,Highway
Haryana,26-01-2025,14.15,Gurugram,Two-Wheeler,T-Junction,No,Cloudy,5,Yes,Amber,Weekend,Severe,413,25,Congested,Rural Road
Haryana,26-01-2025,14.30,Gurugram,Auto,Crossroad,No,Rain,4,No,Red,Weekend,Severe,78,64,Accident,Highway
Haryana,26-01-2025,14.45,Kurukshetra,Bus,T-Junction,No,Fog,6,No,Red,Weekend,Low,274,58,Normal,Highway
Haryana,26-01-2025,15.00,Rohtak,Two-Wheeler,T-Junction,No,Cloudy,6,No,Red,Weekend,Medium,366,65,Congested,Urban Road
Haryana,26-01-2025,15.15,Hisar,Two-Wheeler,T-Junction,No,Clear,3,Yes,Amber,Weekend,Severe,599,36,Accident,Highway
Haryana,26-01-2025,15.30,Yamunanagar,Auto,T-Junction,No,Rain,3,Yes,Red,Weekend,High,534,52,Accident,Urban Road
Haryana,26-01-2025,15.45,Hisar,Bus,T-Junction,No,Cloudy,5,Yes,Red,Weekend,Medium,336,66,Normal,Urban Road
Haryana,26-01-2025,16.00,Kurukshetra,Auto,Roundabout,No,Cloudy,3,Yes,Amber,Weekend,Severe,334,37,Congested,Urban Road
Haryana,26-01-2025,16.15,Kurukshetra,Two-Wheeler,Roundabout,No,Cloudy,6,No,Red,Weekend,Low,138,58,Normal,Highway
Haryana,26-01-2025,16.30,Yamunanagar,Truck,Crossroad,No,Fog,6,Yes,Green,Weekend,High,315,48,Accident,Rural Road
Haryana,26-01-2025,16.45,Kurukshetra,Car,T-Junction,No,Rain,3,No,Red,Weekend,Severe,588,49,Normal,Rural Road
Haryana,26-01-2025,17.00,Gurugram,Auto,Crossroad,Yes,Rain,3,Yes,Green,Weekend,Low,304,31,Congested,Urban Road
Haryana,26-01-2025,17.15,Rohtak,Car,T-Junction,Yes,Fog,2,No,Red,Weekend,High,463,30,Normal,Highway
Haryana,26-01-2025,17.30,Faridabad,Truck,T-Junction,Yes,Cloudy,4,No,Green,Weekend,Medium,361,56,Congested,Urban Road
Haryana,26-01-2025,17.45,Sonipat,Auto,Roundabout,Yes,Clear,5,Yes,Amber,Weekend,Low,269,46,Accident,Urban Road
Haryana,26-01-2025,18.00,Ambala,Car,T-Junction,Yes,Rain,6,Yes,Green,Weekend,Severe,407,55,Congested,Urban Road
Haryana,26-01-2025,18.15,Kurukshetra,Auto,Roundabout,Yes,Sunny,5,Yes,Green,Weekend,Low,407,67,Normal,Highway
Haryana,26-01-2025,18.30,Hisar,Truck,Roundabout,Yes,Fog,4,No,Red,Weekend,High,270,64,Congested,Urban Road
Haryana,26-01-2025,18.45,Hisar,Car,Roundabout,Yes,Rain,2,No,Red,Weekend,Low,502,29,Congested,Highway
Haryana,26-01-2025,19.00,Yamunanagar,Auto,Crossroad,No,Cloudy,5,Yes,Amber,Weekend,High,143,60,Normal,Rural Road
Haryana,26-01-2025,19.15,Yamunanagar,Bus,Roundabout,No,Cloudy,3,No,Red,Weekend,High,417,28,Accident,Urban Road
Haryana,26-01-2025,19.30,Kurukshetra,Bus,T-Junction,No,Sunny,4,Yes,Amber,Weekend,Low,433,33,Accident,Highway
Haryana,26-01-2025,19.45,Rohtak,Two-Wheeler,T-Junction,No,Clear,5,No,Amber,Weekend,Severe,306,49,Accident,Urban Road
Haryana,26-01-2025,20.00,Faridabad,Auto,Roundabout,No,Sunny,2,No,Amber,Weekend,High,64,67,Accident,Highway
Haryana,26-01-2025,20.15,Sonipat,Bus,Crossroad,No,Fog,3,Yes,Amber,Weekend,Low,591,51,Congested,Urban Road
Haryana,26-01-2025,20.30,Ambala,Auto,T-Junction,No,Cloudy,6,Yes,Amber,Weekend,Medium,271,36,Accident,Rural Road
Haryana,26-01-2025,20.45,Hisar,Bus,Crossroad,No,Fog,6,Yes,Green,Weekend,Severe,556,24,Congested,Highway
Haryana,26-01-2025,21.00,Panipat,Auto,Roundabout,No,Rain,4,No,Green,Weekend,Severe,162,29,Congested,Urban Road
Haryana,26-01-2025,21.15,Kurukshetra,Auto,T-Junction,No,Sunny,2,No,Green,Weekend,Severe,194,63,Congested,Rural Road
Haryana,26-01-2025,21.30,Faridabad,Car,Roundabout,No,Sunny,3,Yes,Green,Weekend,High,123,39,Normal,Rural Road
Haryana,26-01-2025,21.45,Kurukshetra,Auto,Crossroad,No,Rain,4,Yes,Green,Weekend,Medium,235,63,Congested,Urban Road
Haryana,26-01-2025,22.00,Panipat,Two-Wheeler,Roundabout,No,Fog,2,No,Amber,Weekend,Low,267,39,Normal,Rural Road
Haryana,26-01-2025,22.15,Yamunanagar,Truck,T-Junction,No,Fog,2,Yes,Red,Weekend,Low,369,27,Normal,Urban Road
Haryana,26-01-2025,22.30,Karnal,Auto,Crossroad,No,Fog,5,No,Green,Weekend,Severe,511,53,Accident,Highway
Haryana,26-01-2025,22.45,Karnal,Car,Crossroad,No,Fog,3,Yes,Amber,Weekend,Medium,327,62,Accident,Urban Road
Haryana,26-01-2025,23.00,Yamunanagar,Auto,T-Junction,No,Cloudy,5,No,Red,Weekend,Low,518,41,Congested,Highway
Haryana,26-01-2025,23.15,Karnal,Bus,Roundabout,No,Cloudy,6,Yes,Amber,Weekend,Severe,477,27,Normal,Urban Road
Haryana,26-01-2025,23.30,Rohtak,Truck,T-Junction,No,Fog,3,Yes,Amber,Weekend,Low,478,49,Normal,Urban Road
Haryana,26-01-2025,23.45,Yamunanagar,Car,Roundabout,No,Clear,6,Yes,Green,Weekend,Severe,484,42,Congested,Rural Road
Haryana,27-01-2025,0.00,Sonipat,Auto,Roundabout,No,Sunny,4,Yes,Amber,Weekday,Low,210,47,Normal,Rural Road
Haryana,27-01-2025,0.15,Kurukshetra,Truck,Crossroad,No,Fog,6,No,Red,Weekday,High,500,51,Normal,Rural Road
Haryana,27-01-2025,0.30,Ambala,Two-Wheeler,Crossroad,No,Sunny,4,No,Green,Weekday,High,285,37,Accident,Highway
Haryana,27-01-2025,0.45,Faridabad,Auto,Roundabout,No,Fog,5,No,Amber,Weekday,Medium,194,36,Normal,Urban Road
Haryana,27-01-2025,1.00,Faridabad,Car,Roundabout,No,Cloudy,2,Yes,Green,Weekday,Medium,534,36,Congested,Highway
Haryana,27-01-2025,1.15,Gurugram,Auto,Roundabout,No,Cloudy,4,Yes,Green,Weekday,Low,389,35,Accident,Urban Road
Haryana,27-01-2025,1.30,Panipat,Truck,T-Junction,No,Rain,6,No,Amber,Weekday,High,451,53,Normal,Highway
Haryana,27-01-2025,1.45,Panipat,Truck,T-Junction,No,Cloudy,6,Yes,Green,Weekday,High,88,37,Congested,Rural Road
Haryana,27-01-2025,2.00,Faridabad,Auto,Roundabout,No,Clear,4,Yes,Red,Weekday,Low,336,59,Congested,Urban Road
Haryana,27-01-2025,2.15,Ambala,Bus,Crossroad,No,Rain,6,No,Red,Weekday,Severe,211,60,Accident,Urban Road
Haryana,27-01-2025,2.30,Faridabad,Two-Wheeler,Crossroad,No,Fog,3,Yes,Green,Weekday,High,261,59,Accident,Highway
Haryana,27-01-2025,2.45,Sonipat,Car,T-Junction,No,Clear,6,No,Red,Weekday,Medium,515,35,Accident,Highway
Haryana,27-01-2025,3.00,Yamunanagar,Car,Crossroad,No,Cloudy,6,No,Red,Weekday,Severe,71,25,Normal,Rural Road
Haryana,27-01-2025,3.15,Sonipat,Bus,Roundabout,No,Sunny,5,Yes,Green,Weekday,Low,198,28,Congested,Rural Road
Haryana,27-01-2025,3.30,Panipat,Bus,T-Junction,No,Cloudy,5,No,Green,Weekday,High,84,28,Accident,Urban Road
Haryana,27-01-2025,3.45,Yamunanagar,Car,Crossroad,No,Sunny,3,Yes,Amber,Weekday,High,106,49,Accident,Highway
Haryana,27-01-2025,4.00,Faridabad,Truck,Crossroad,No,Clear,6,No,Amber,Weekday,Low,115,23,Accident,Rural Road
Haryana,27-01-2025,4.15,Karnal,Two-Wheeler,Roundabout,No,Sunny,3,No,Red,Weekday,High,347,42,Accident,Urban Road
Haryana,27-01-2025,4.30,Ambala,Auto,T-Junction,No,Rain,5,Yes,Green,Weekday,High,283,45,Normal,Rural Road
Haryana,27-01-2025,4.45,Karnal,Bus,T-Junction,No,Fog,3,No,Amber,Weekday,High,441,40,Normal,Highway
Haryana,27-01-2025,5.00,Sonipat,Bus,Crossroad,No,Rain,5,No,Red,Weekday,Severe,195,36,Congested,Rural Road
Haryana,27-01-2025,5.15,Sonipat,Car,T-Junction,No,Sunny,6,Yes,Green,Weekday,Severe,163,51,Accident,Urban Road
Haryana,27-01-2025,5.30,Panipat,Auto,Crossroad,No,Sunny,5,No,Amber,Weekday,High,441,37,Normal,Highway
Haryana,27-01-2025,5.45,Kurukshetra,Two-Wheeler,T-Junction,No,Fog,2,No,Amber,Weekday,High,153,41,Normal,Highway
Haryana,27-01-2025,6.00,Rohtak,Bus,T-Junction,No,Clear,5,No,Green,Weekday,High,414,52,Accident,Urban Road
Haryana,27-01-2025,6.15,Karnal,Auto,Crossroad,No,Clear,3,Yes,Amber,Weekday,Low,523,51,Normal,Rural Road
Haryana,27-01-2025,6.30,Sonipat,Car,Roundabout,No,Clear,5,Yes,Amber,Weekday,Medium,216,51,Accident,Urban Road
Haryana,27-01-2025,6.45,Yamunanagar,Two-Wheeler,Roundabout,No,Sunny,6,Yes,Red,Weekday,Severe,200,55,Congested,Rural Road
